open_timestamp_utc,close_timestamp_utc,open,high,low,close,volume
1556650800,1556654399,4.13,4.13,4.13,4.13,4.8
1556654400,1556657999,4.151,4.151,4.151,4.151,1.0
1556658000,1556661599,4.152,4.162,4.152,4.162,129.4
1556661600,1556665199,4.174,4.274,4.174,4.274,187.7
1556665200,1556668799,4.277,4.277,4.255,4.255,409.2
1556668800,1556672399,4.269,4.269,4.245,4.245,7.5
1556672400,1556675999,4.245,4.245,4.245,4.245,140.0
1556683200,1556686799,4.228,4.228,4.224,4.224,514.7
1556686800,1556690399,4.225,4.282,4.225,4.227,2017.8
1556690400,1556693999,4.224,4.225,4.221,4.222,726.3
1556694000,1556697599,4.226,4.226,4.223,4.223,27.4
1556697600,1556701199,4.215,4.215,4.168,4.168,4414.1
1556701200,1556704799,4.184,4.184,4.184,4.184,524.0
1556704800,1556708399,4.175,4.175,4.17,4.17,99.6
1556708400,1556711999,4.182,4.182,4.181,4.181,553.9
1556712000,1556715599,4.17,4.17,4.129,4.129,662.2
1556715600,1556719199,4.143,4.143,4.138,4.138,70.5
1556722800,1556726399,4.15,4.172,4.149,4.172,2236.7
1556726400,1556729999,4.17,4.17,4.17,4.17,19.0
1556730000,1556733599,4.183,4.2,4.183,4.2,98.9
1556733600,1556737199,4.21,4.219,4.21,4.219,8.1
1556737200,1556740799,4.194,4.194,4.194,4.194,80.0
1556740800,1556744399,4.162,4.162,4.162,4.162,8.4
1556744400,1556747999,4.166,4.166,4.166,4.166,10.4
1556748000,1556751599,4.17,4.17,4.17,4.17,90.0
1556751600,1556755199,4.193,4.193,4.193,4.193,10.9
1556755200,1556758799,4.191,4.191,4.18,4.18,709.3
1556758800,1556762399,4.167,4.167,4.16,4.16,69.5
1556762400,1556765999,4.164,4.17,4.164,4.167,73.4
1556773200,1556776799,4.176,4.179,4.176,4.179,29.8
1556780400,1556783999,4.184,4.211,4.184,4.191,225.0
1556787600,1556791199,4.191,4.191,4.191,4.191,113.6
1556791200,1556794799,4.184,4.189,4.184,4.188,737.7
1556794800,1556798399,4.172,4.177,4.172,4.177,131.8
1556798400,1556801999,4.177,4.177,4.165,4.165,2631.7
1556802000,1556805599,4.16,4.16,4.09,4.137,801.3
1556805600,1556809199,4.134,4.138,4.083,4.083,702.3
1556809200,1556812799,4.164,4.164,4.147,4.147,182.9
1556812800,1556816399,4.145,4.145,4.125,4.125,17.1
1556816400,1556819999,4.126,4.14,4.126,4.14,15.4
1556823600,1556827199,4.157,4.157,4.152,4.152,110.0
1556830800,1556834399,4.191,4.21,4.187,4.187,78.3
1556845200,1556848799,4.223,4.25,4.223,4.239,324.7
1556859600,1556863199,4.241,4.25,4.22,4.25,162.1
1556863200,1556866799,4.27,4.27,4.27,4.27,32.3
1556866800,1556870399,4.28,4.28,4.28,4.28,96.7
1556870400,1556873999,4.271,4.272,4.254,4.254,198.7
1556874000,1556877599,4.269,4.559,4.269,4.558,3327.1
1556877600,1556881199,4.54,4.54,4.489,4.489,1942.7
1556881200,1556884799,4.485,4.491,4.485,4.491,159.8
1556884800,1556888399,4.493,4.5,4.493,4.5,71.1
1556888400,1556891999,4.5,4.515,4.5,4.515,120.6
1556892000,1556895599,4.509,4.509,4.468,4.468,168.1
1556895600,1556899199,4.45,4.46,4.45,4.46,335.0
1556899200,1556902799,4.447,4.447,4.447,4.447,10.3
1556902800,1556906399,4.453,4.457,4.453,4.457,52.4
1556913600,1556917199,4.436,4.436,4.436,4.436,0.1
1556917200,1556920799,4.45,4.45,4.45,4.45,6.1
1556928000,1556931599,4.466,4.503,4.466,4.503,299.7
1556931600,1556935199,4.52,4.536,4.52,4.536,47
1556942400,1556945999,4.418,4.418,4.31,4.31,374.3
1556946000,1556949599,4.454,4.454,4.347,4.347,4
1556949600,1556953199,4.33,4.33,4.33,4.33,25.6
1556960400,1556963999,4.366,4.366,4.34,4.34,382.7
1556964000,1556967599,4.33,4.332,4.321,4.332,455.5
1556967600,1556971199,4.364,4.364,4.323,4.325,103.1
1556971200,1556974799,4.321,4.329,4.309,4.318,199.2
1556974800,1556978399,4.319,4.319,4.236,4.236,769.7
1556978400,1556981999,4.235,4.253,4.214,4.253,157.7
1556982000,1556985599,4.256,4.256,4.256,4.256,36.4
1556985600,1556989199,4.254,4.255,4.254,4.255,33.9
1557000000,1557003599,4.28,4.28,4.28,4.28,1
1557003600,1557007199,4.343,4.344,4.343,4.344,5
1557010800,1557014399,4.391,4.391,4.391,4.391,1140.1
1557014400,1557017999,4.391,4.391,4.39,4.39,79.9
1557036000,1557039599,4.392,4.392,4.392,4.392,40
1557039600,1557043199,4.378,4.378,4.348,4.348,19.3
1557043200,1557046799,4.342,4.342,4.337,4.337,188
1557046800,1557050399,4.34,4.34,4.324,4.33,182.8
1557050400,1557053999,4.315,4.342,4.305,4.342,2113
1557054000,1557057599,4.33,4.33,4.32,4.32,8
1557061200,1557064799,4.34,4.342,4.319,4.319,204.8
1557072000,1557075599,4.325,4.325,4.325,4.325,3.3
1557079200,1557082799,4.313,4.313,4.313,4.313,20
1557086400,1557089999,4.314,4.345,4.314,4.345,299.5
1557090000,1557093599,4.37,4.37,4.37,4.37,3.3
1557093600,1557097199,4.34,4.34,4.309,4.309,156
1557097200,1557100799,4.307,4.322,4.307,4.322,12.2
1557100800,1557104399,4.28,4.28,4.167,4.167,1134.8
1557104400,1557107999,4.209,4.211,4.172,4.211,174.9
1557111600,1557115199,4.2,4.2,4.2,4.2,32.3
1557115200,1557118799,4.182,4.182,4.182,4.182,7.7
1557118800,1557122399,4.195,4.195,4.195,4.195,4.5
1557122400,1557125999,4.195,4.195,4.145,4.168,505.7
1557133200,1557136799,4.15,4.296,4.15,4.194,3508
1557136800,1557140399,4.21,4.21,4.198,4.198,498.4
1557140400,1557143999,4.23,4.23,4.23,4.23,254.9
1557144000,1557147599,4.2,4.2,4.2,4.2,13
1557147600,1557151199,4.201,4.202,4.201,4.202,23.8
1557151200,1557154799,4.234,4.234,4.234,4.234,10
1557154800,1557158399,4.24,4.24,4.24,4.24,417.7
1557158400,1557161999,4.3,4.387,4.3,4.361,276.3
1557162000,1557165599,4.361,4.382,4.361,4.381,179.9
1557165600,1557169199,4.368,4.368,4.368,4.368,2
1557169200,1557172799,4.38,4.38,4.353,4.353,821.5
1557172800,1557176399,4.364,4.364,4.353,4.353,326.4
1557176400,1557179999,4.37,4.377,4.37,4.377,359.4
1557180000,1557183599,4.381,4.4,4.381,4.381,144.3
1557183600,1557187199,4.364,4.364,4.337,4.342,626.5
1557187200,1557190799,4.332,4.433,4.332,4.431,1070.9
1557190800,1557194399,4.407,4.456,4.407,4.453,1795.2
1557194400,1557197999,4.43,4.461,4.43,4.461,117.4
1557201600,1557205199,4.405,4.408,4.376,4.377,95.6
1557208800,1557212399,4.377,4.377,4.377,4.377,17.6
1557212400,1557215999,4.387,4.387,4.362,4.362,184.2
1557216000,1557219599,4.375,4.387,4.375,4.38,115
1557219600,1557223199,4.385,4.39,4.385,4.387,339.5
1557223200,1557226799,4.381,4.381,4.381,4.381,100
1557226800,1557230399,4.373,4.373,4.37,4.37,242
1557230400,1557233999,4.393,4.393,4.393,4.393,10
1557234000,1557237599,4.404,4.415,4.397,4.415,123.1
1557237600,1557241199,4.45,4.458,4.278,4.29,1532.7
1557241200,1557244799,4.289,4.302,4.275,4.301,103.5
1557244800,1557248399,4.305,4.305,4.305,4.305,3.4
1557252000,1557255599,4.342,4.347,4.323,4.323,233.4
1557255600,1557259199,4.294,4.294,4.294,4.294,8
1557266400,1557269999,4.321,4.33,4.321,4.33,17.2
1557270000,1557273599,4.32,4.322,4.263,4.263,690.8
1557273600,1557277199,4.25,4.251,4.218,4.248,118.8
1557277200,1557280799,4.227,4.267,4.227,4.267,4.7
1557280800,1557284399,4.284,4.284,4.284,4.284,5
1557284400,1557287999,4.29,4.29,4.29,4.29,100
1557288000,1557291599,4.304,4.341,4.304,4.337,164.1
1557291600,1557295199,4.329,4.329,4.327,4.327,30
1557295200,1557298799,4.35,4.35,4.35,4.35,225.9
1557298800,1557302399,4.316,4.316,4.316,4.316,14
1557302400,1557305999,4.332,4.332,4.31,4.315,2028.1
1557306000,1557309599,4.323,4.323,4.313,4.313,48.6
1557309600,1557313199,4.31,4.316,4.31,4.316,1535.3
1557313200,1557316799,4.33,4.33,4.33,4.33,69.1
1557320400,1557323999,4.325,4.33,4.323,4.33,2670.6
1557324000,1557327599,4.319,4.333,4.3,4.329,1002
1557327600,1557331199,4.328,4.358,4.324,4.345,246.1
1557334800,1557338399,4.335,4.335,4.335,4.335,100
1557338400,1557341999,4.325,4.33,4.324,4.324,46.5
1557342000,1557345599,4.299,4.319,4.299,4.318,29.9
1557345600,1557349199,4.303,4.323,4.299,4.322,106.9
1557352800,1557356399,4.331,4.349,4.331,4.346,51.5
1557356400,1557359999,4.326,4.326,4.326,4.326,300
1557360000,1557363599,4.35,4.374,4.35,4.373,60
1557363600,1557367199,4.394,4.401,4.394,4.401,29.4
1557367200,1557370799,4.388,4.394,4.388,4.394,73.7
1557381600,1557385199,4.341,4.343,4.327,4.343,244.3
1557385200,1557388799,4.339,4.343,4.338,4.338,183.5
1557388800,1557392399,4.356,4.367,4.347,4.365,881.4
1557392400,1557395999,4.35,4.351,4.338,4.338,719.3
1557396000,1557399599,4.349,4.349,4.31,4.31,110.5
1557399600,1557403199,4.319,4.328,4.302,4.32,195.3
1557403200,1557406799,4.318,4.318,4.266,4.271,735.4
1557406800,1557410399,4.271,4.271,4.271,4.271,252.5
1557410400,1557413999,4.269,4.275,4.267,4.267,301.5
1557414000,1557417599,4.258,4.289,4.258,4.285,1025.9
1557417600,1557421199,4.27,4.274,4.27,4.274,491.9
1557421200,1557424799,4.264,4.264,4.26,4.26,102.2
1557424800,1557428399,4.257,4.257,4.24,4.24,1817.4
1557428400,1557431999,4.245,4.251,4.245,4.25,317.5
1557432000,1557435599,4.249,4.272,4.24,4.269,30.1
1557435600,1557439199,4.275,4.316,4.274,4.303,111.2
1557439200,1557442799,4.293,4.293,4.27,4.275,51.8
1557442800,1557446399,4.289,4.302,4.289,4.3,21.2
1557446400,1557449999,4.263,4.263,4.099,4.099,1599.8
1557450000,1557453599,4.093,4.154,4.02,4.154,610.9
1557453600,1557457199,4.197,4.199,4.197,4.199,315.4
1557457200,1557460799,4.211,4.211,4.158,4.158,480
1557460800,1557464399,4.189,4.375,4.189,4.375,480.5
1557464400,1557467999,4.345,4.345,4.342,4.342,15
1557468000,1557471599,4.342,4.35,4.342,4.35,195.3
1557471600,1557475199,4.356,4.356,4.331,4.331,145.3
1557475200,1557478799,4.352,4.353,4.284,4.287,2748.6
1557478800,1557482399,4.296,4.296,4.28,4.281,331.6
1557482400,1557485999,4.309,4.309,4.282,4.282,780.8
1557486000,1557489599,4.278,4.29,4.261,4.28,166.9
1557489600,1557493199,4.277,4.277,4.266,4.27,352.1
1557493200,1557496799,4.275,4.275,4.274,4.274,84.3
1557496800,1557500399,4.273,4.273,4.236,4.237,505
1557500400,1557503999,4.236,4.255,4.232,4.253,246.6
1557504000,1557507599,4.27,4.28,4.265,4.266,694.1
1557507600,1557511199,4.24,4.294,4.239,4.29,454.3
1557511200,1557514799,4.3,4.302,4.3,4.302,180
1557514800,1557518399,4.28,4.28,4.279,4.279,42.1
1557518400,1557521999,4.292,4.342,4.289,4.294,258.8
1557522000,1557525599,4.29,4.294,4.28,4.28,319.5
1557525600,1557529199,4.284,4.29,4.282,4.29,132.9
1557529200,1557532799,4.289,4.289,4.27,4.27,143.4
1557536400,1557539999,4.29,4.334,4.29,4.334,131.6
1557547200,1557550799,4.343,4.343,4.339,4.339,17.5
1557550800,1557554399,4.339,4.376,4.339,4.376,364.1
1557554400,1557557999,4.376,4.399,4.36,4.36,485.5
1557561600,1557565199,4.4,4.599,4.4,4.597,1005.9
1557565200,1557568799,4.597,4.606,4.597,4.606,1840.3
1557568800,1557572399,4.7,4.845,4.699,4.771,2373
1557572400,1557575999,4.737,4.76,4.708,4.722,859.8
1557576000,1557579599,4.711,4.712,4.685,4.712,730.6
1557579600,1557583199,4.72,4.785,4.714,4.766,269.2
1557583200,1557586799,4.71,4.747,4.688,4.747,241
1557586800,1557590399,4.715,4.76,4.703,4.745,1063.5
1557594000,1557597599,4.763,4.983,4.76,4.97,1187.5
1557597600,1557601199,4.997,5,4.939,4.95,769.8
1557601200,1557604799,4.953,4.953,4.878,4.878,575.6
1557604800,1557608399,4.878,4.878,4.878,4.878,85
1557608400,1557611999,4.907,4.97,4.907,4.97,1067.4
1557612000,1557615599,4.99,5.065,4.96,4.96,433.6
1557615600,1557619199,5.001,5.11,4.752,4.81,3673.4
1557619200,1557622799,4.834,4.888,4.834,4.882,694.2
1557622800,1557626399,4.843,4.888,4.843,4.888,3576.4
1557637200,1557640799,5,5.025,5,5.025,24.2
1557640800,1557644399,5.071,5.071,5.044,5.06,87.7
1557644400,1557647999,5.1,5.14,5.1,5.135,728.5
1557648000,1557651599,5.135,5.139,4.906,4.979,787.2
1557651600,1557655199,4.963,5.025,4.95,5.016,2006.8
1557655200,1557658799,4.957,4.957,4.751,4.789,1477.8
1557658800,1557662399,4.75,4.837,4.75,4.82,4273.3
1557662400,1557665999,4.804,4.816,4.804,4.816,49.7
1557666000,1557669599,4.813,4.83,4.812,4.812,721.7
1557669600,1557673199,4.782,4.816,4.7,4.712,2843.8
1557673200,1557676799,4.694,4.736,4.6,4.6,2160.4
1557676800,1557680399,4.61,4.625,4.6,4.625,1236.2
1557680400,1557683999,4.584,4.613,4.584,4.613,0.3
1557684000,1557687599,4.66,4.66,4.66,4.66,630.1
1557691200,1557694799,4.75,4.75,4.75,4.75,18
1557694800,1557698399,4.801,4.818,4.801,4.818,118.2
1557698400,1557701999,4.794,4.794,4.751,4.753,2247.1
1557702000,1557705599,4.747,4.747,4.684,4.684,738.1
1557705600,1557709199,4.785,4.785,4.785,4.785,11.1
1557709200,1557712799,4.81,4.81,4.801,4.801,30.4
1557712800,1557716399,4.779,4.779,4.77,4.77,27.3
1557716400,1557719999,4.792,4.793,4.788,4.791,141.1
1557720000,1557723599,4.779,4.788,4.771,4.788,165
1557723600,1557727199,4.813,4.813,4.807,4.813,223.6
1557727200,1557730799,4.793,4.793,4.791,4.792,247.9
1557730800,1557734399,4.782,4.792,4.734,4.792,2783.2
1557734400,1557737999,4.773,4.775,4.773,4.775,105.6
1557738000,1557741599,4.774,4.791,4.774,4.785,384.5
1557741600,1557745199,4.748,4.757,4.747,4.755,509.2
1557745200,1557748799,4.783,4.861,4.783,4.82,1653.6
1557748800,1557752399,4.821,4.885,4.816,4.852,686.8
1557752400,1557755999,4.867,4.88,4.848,4.848,2096.8
1557756000,1557759599,4.86,4.915,4.856,4.91,668.4
1557759600,1557763199,4.913,5.1,4.913,5.046,795.9
1557763200,1557766799,5.084,5.163,5.084,5.089,3467.9
1557766800,1557770399,5.082,5.089,5.015,5.015,297
1557770400,1557773999,5.02,5.078,5.02,5.078,133.7
1557777600,1557781199,5.053,5.053,5.026,5.033,111.4
1557781200,1557784799,5.06,5.117,5.06,5.11,1547
1557784800,1557788399,5.1,5.146,4.941,4.962,1624
1557788400,1557791999,4.907,4.95,4.85,4.933,23.5
1557792000,1557795599,4.975,4.987,4.975,4.987,26.7
1557795600,1557799199,5.014,5.058,5.009,5.058,24.9
1557799200,1557802799,5.047,5.25,5.047,5.219,1656.8
1557802800,1557806399,5.261,5.275,5.241,5.245,224.4
1557806400,1557809999,5.271,5.4,5.257,5.4,2796.9
1557810000,1557813599,5.418,5.52,5.394,5.394,5744.9
1557813600,1557817199,5.459,5.491,5.451,5.476,299.6
1557817200,1557820799,5.48,5.5,5.429,5.5,453.6
1557820800,1557824399,5.506,5.506,5.14,5.157,1703
1557824400,1557827999,5.25,5.286,5.25,5.252,845.2
1557828000,1557831599,5.241,5.241,5.11,5.11,1178.3
1557831600,1557835199,5.194,5.194,5.155,5.155,144.8
1557835200,1557838799,5.2,5.317,5.2,5.314,2344.7
1557838800,1557842399,5.313,5.313,5.23,5.3,750.8
1557842400,1557845999,5.261,5.337,5.176,5.208,1363.2
1557846000,1557849599,5.225,5.232,5.14,5.14,891
1557849600,1557853199,5.112,5.236,5,5.236,1745
1557853200,1557856799,5.212,5.214,5.212,5.214,14.5
1557856800,1557860399,5.207,5.207,5.175,5.19,163.7
1557860400,1557863999,5.186,5.186,5.142,5.167,217.7
1557864000,1557867599,5.187,5.199,5.146,5.152,161.9
1557867600,1557871199,5.158,5.23,5.152,5.228,207.3
1557871200,1557874799,5.177,5.302,5.177,5.298,864.3
1557874800,1557878399,5.35,5.415,5.343,5.407,324.6
1557882000,1557885599,5.45,5.485,5.45,5.485,21.2
1557885600,1557889199,5.406,5.406,5.406,5.406,8.8
1557889200,1557892799,5.485,5.569,5.485,5.535,1113.4
1557892800,1557896399,5.535,5.535,5.496,5.52,29.1
1557896400,1557899999,5.524,5.649,5.516,5.626,873.1
1557900000,1557903599,5.62,5.65,5.56,5.56,1252.1
1557903600,1557907199,5.56,5.56,5.375,5.415,2420.4
1557907200,1557910799,5.426,5.45,5.425,5.45,288.2
1557910800,1557914399,5.45,5.584,5.45,5.583,577.6
1557914400,1557917999,5.6,5.6,5.485,5.485,1066.7
1557918000,1557921599,5.511,5.511,5.43,5.436,1798.9
1557921600,1557925199,5.452,5.452,5.418,5.418,100.8
1557925200,1557928799,5.476,5.512,5.46,5.5,402.3
1557928800,1557932399,5.501,5.501,5.447,5.475,291.2
1557932400,1557935999,5.475,5.578,5.475,5.578,1107
1557936000,1557939599,5.6,5.7,5.57,5.7,932.3
1557939600,1557943199,5.708,5.75,5.67,5.715,646.8
1557943200,1557946799,5.701,5.701,5.665,5.665,947.2
1557946800,1557950399,5.66,5.686,5.618,5.686,660.1
1557950400,1557953999,5.71,5.71,5.651,5.659,1043.5
1557954000,1557957599,5.646,5.746,5.625,5.746,393.4
1557957600,1557961199,5.749,5.796,5.739,5.796,1331.7
1557961200,1557964799,5.8,5.855,5.8,5.81,3123
1557964800,1557968399,5.81,6,5.81,5.996,4371.1
1557968400,1557971999,6.014,6.135,5.963,6.135,141.9
1557972000,1557975599,6.106,6.15,6.098,6.15,213.9
1557975600,1557979199,6.13,6.13,5.972,5.995,1256.8
1557979200,1557982799,5.99,5.99,5.827,5.828,862.1
1557982800,1557986399,5.83,5.91,5.83,5.891,293.3
1557986400,1557989999,5.9,6.002,5.9,6,940.9
1557990000,1557993599,6.039,6.039,5.98,5.98,446.6
1557993600,1557997199,5.926,5.934,5.89,5.89,1321.8
1557997200,1558000799,5.88,5.909,5.792,5.792,408.2
1558000800,1558004399,5.775,5.79,5.608,5.75,1844.5
1558004400,1558007999,5.71,5.756,5.71,5.712,216.7
1558008000,1558011599,5.731,5.757,5.61,5.65,737.9
1558011600,1558015199,5.675,5.74,5.675,5.736,364.2
1558015200,1558018799,5.8,5.903,5.8,5.9,894.3
1558018800,1558022399,5.937,6,5.896,6,1251.3
1558022400,1558025999,6,6,5.9,5.9,612.4
1558026000,1558029599,5.878,5.878,5.764,5.844,52.4
1558029600,1558033199,5.789,5.831,5.768,5.777,2433.7
1558033200,1558036799,5.791,5.794,5.728,5.79,177.6
1558036800,1558040399,5.851,5.897,5.71,5.71,412.6
1558040400,1558043999,5.7,5.898,5.661,5.866,411.1
1558044000,1558047599,5.873,5.873,5.756,5.756,39.8
1558047600,1558051199,5.76,5.82,5.76,5.817,261.6
1558051200,1558054799,5.852,5.861,5.808,5.808,375.9
1558054800,1558058399,5.803,5.803,5.66,5.668,688.9
1558058400,1558061999,5.68,5.729,5.418,5.418,1204.4
1558062000,1558065599,5.418,5.42,5.009,5.399,9059.9
1558065600,1558069199,5.399,5.399,5.296,5.318,287.2
1558069200,1558072799,5.34,5.342,5.256,5.259,2631.5
1558072800,1558076399,5.302,5.32,5.212,5.212,660.7
1558076400,1558079999,5.304,5.37,5.293,5.3,2565.4
1558080000,1558083599,5.304,5.385,5.304,5.38,249.6
1558083600,1558087199,5.346,5.376,5.321,5.36,444.0
1558087200,1558090799,5.32,5.32,5.287,5.295,289.4
1558090800,1558094399,5.265,5.272,5.112,5.16,708.6
1558094400,1558097999,5.15,5.29,5.107,5.29,2446.1
1558098000,1558101599,5.28,5.33,5.28,5.33,207.5
1558101600,1558105199,5.349,5.349,5.25,5.25,45.6
1558108800,1558112399,5.19,5.305,5.19,5.2,242.2
1558126800,1558130399,5.24,5.35,5.24,5.35,1217.2
1558130400,1558133999,5.378,5.4,5.35,5.4,299.5
1558137600,1558141199,5.415,5.415,5.372,5.372,6.2
1558141200,1558144799,5.35,5.35,5.35,5.35,37.3
1558148400,1558151999,5.386,5.411,5.386,5.411,111.0
1558152000,1558155599,5.409,5.425,5.378,5.403,113.7
1558155600,1558159199,5.409,5.42,5.365,5.365,870.9
1558162800,1558166399,5.317,5.354,5.317,5.354,24.8
1558166400,1558169999,5.355,5.379,5.31,5.31,91.5
1558170000,1558173599,5.3,5.3,5.254,5.3,219.3
1558180800,1558184399,5.33,5.36,5.33,5.36,526.2
1558191600,1558195199,5.36,5.36,5.35,5.35,211.0
1558202400,1558205999,5.335,5.335,5.312,5.312,27.7
1558209600,1558213199,5.311,5.336,5.311,5.336,77.2
1558220400,1558223999,5.311,5.419,5.31,5.419,234.2
1558227600,1558231199,5.419,5.46,5.419,5.46,225.0
1558231200,1558234799,5.5,5.57,5.5,5.518,254.8
1558234800,1558238399,5.518,5.653,5.518,5.653,240.4
1558242000,1558245599,5.65,5.65,5.628,5.635,86.7
1558245600,1558249199,5.628,5.628,5.617,5.62,219.0
1558249200,1558252799,5.635,5.715,5.617,5.708,245.5
1558252800,1558256399,5.693,5.693,5.66,5.66,595.3
1558256400,1558259999,5.687,5.73,5.687,5.725,427.8
1558260000,1558263599,5.709,5.774,5.708,5.73,654.8
1558263600,1558267199,5.724,5.731,5.623,5.641,1014.5
1558267200,1558270799,5.658,5.689,5.599,5.645,159.8
1558270800,1558274399,5.635,5.65,5.621,5.635,275.1
1558274400,1558277999,5.635,5.635,5.634,5.634,93.0
1558278000,1558281599,5.635,5.641,5.635,5.641,124.8
1558285200,1558288799,5.643,5.698,5.643,5.665,572.1
1558292400,1558295999,5.665,5.698,5.665,5.698,1.3
1558299600,1558303199,5.699,5.735,5.699,5.735,74.3
1558303200,1558306799,5.735,5.85,5.735,5.85,392.1
1558306800,1558310399,5.851,5.89,5.82,5.82,106.6
1558310400,1558313999,5.806,5.806,5.588,5.627,177.2
1558314000,1558317599,5.667,5.695,5.667,5.695,48.7
1558317600,1558321199,5.667,5.668,5.628,5.654,90.6
1558321200,1558324799,5.662,5.722,5.66,5.722,126.6
1558324800,1558328399,5.728,5.74,5.671,5.671,173.4
1558328400,1558331999,5.64,5.64,5.635,5.635,64.7
1558332000,1558335599,5.63,5.63,5.571,5.571,23.7
1558335600,1558339199,5.582,5.608,5.556,5.556,41.2
1558339200,1558342799,5.592,5.592,5.56,5.57,466.3
1558342800,1558346399,5.56,5.63,5.56,5.63,144.2
1558346400,1558349999,5.631,5.638,5.604,5.624,454.0
1558350000,1558353599,5.589,5.589,5.557,5.578,264.2
1558353600,1558357199,5.593,5.593,5.472,5.473,1281.4
1558357200,1558360799,5.444,5.48,5.401,5.48,344.3
1558360800,1558364399,5.5,5.541,5.487,5.541,462.9
1558364400,1558367999,5.528,5.546,5.519,5.546,415.0
1558368000,1558371599,5.541,5.541,5.525,5.525,41.1
1558371600,1558375199,5.534,5.57,5.534,5.57,355.3
1558375200,1558378799,5.566,5.581,5.54,5.567,342.5
1558378800,1558382399,5.568,5.61,5.563,5.604,173.7
1558382400,1558385999,5.606,5.659,5.605,5.649,85.7
1558386000,1558389599,5.657,5.7,5.649,5.649,121.5
1558389600,1558393199,5.626,5.626,5.581,5.597,30.5
1558396800,1558400399,5.613,5.681,5.613,5.615,148.3
1558400400,1558403999,5.627,5.627,5.591,5.591,48.2
1558404000,1558407599,5.586,5.598,5.57,5.598,59.7
1558407600,1558411199,5.591,5.592,5.568,5.568,122.4
1558414800,1558418399,5.506,5.56,5.491,5.56,62.6
1558418400,1558421999,5.577,5.63,5.574,5.63,67.7
1558422000,1558425599,5.619,5.619,5.557,5.557,1133.4
1558425600,1558429199,5.628,5.635,5.623,5.63,179.8
1558429200,1558432799,5.636,5.739,5.636,5.704,171.1
1558432800,1558436399,5.703,5.703,5.59,5.624,154.0
1558436400,1558439999,5.628,5.66,5.594,5.594,81.1
1558440000,1558443599,5.588,5.682,5.567,5.677,37.4
1558443600,1558447199,5.699,5.71,5.62,5.62,123.0
1558447200,1558450799,5.612,5.628,5.601,5.622,104.2
1558450800,1558454399,5.632,5.7,5.622,5.7,25.4
1558465200,1558468799,5.7,5.702,5.7,5.702,705.4
1558472400,1558475999,5.705,5.705,5.653,5.653,207.3
1558476000,1558479599,5.653,5.653,5.619,5.648,775.2
1558479600,1558483199,5.644,5.667,5.644,5.655,56.0
1558483200,1558486799,5.658,5.708,5.658,5.706,31.8
1558486800,1558490399,5.708,5.708,5.608,5.608,268.3
1558490400,1558493999,5.6,5.649,5.6,5.649,38.6
1558494000,1558497599,5.65,5.655,5.635,5.635,79.8
1558497600,1558501199,5.646,5.662,5.635,5.662,179.5
1558501200,1558504799,5.662,5.679,5.637,5.637,60.6
1558508400,1558511999,5.626,5.656,5.626,5.656,51.7
1558512000,1558515599,5.655,5.655,5.607,5.607,66.2
1558519200,1558522799,5.622,5.622,5.6,5.6,100.5
1558522800,1558526399,5.575,5.585,5.525,5.569,479.6
1558526400,1558529999,5.555,5.564,5.553,5.564,94.1
1558533600,1558537199,5.569,5.589,5.569,5.585,49.8
1558537200,1558540799,5.618,5.68,5.612,5.68,604.1
1558540800,1558544399,5.681,5.683,5.655,5.655,134.2
1558544400,1558547999,5.652,5.652,5.588,5.631,207.2
1558551600,1558555199,5.619,5.619,5.611,5.611,34.6
1558555200,1558558799,5.596,5.612,5.21,5.382,2575.2
1558558800,1558562399,5.34,5.341,5.25,5.25,133.5
1558562400,1558565999,5.288,5.385,5.278,5.385,152.7
1558566000,1558569599,5.356,5.356,5.31,5.31,1668.8
1558569600,1558573199,5.287,5.315,5.287,5.309,140.5
1558584000,1558587599,5.328,5.328,5.326,5.326,5
1558587600,1558591199,5.3,5.3,5.27,5.274,147
1558591200,1558594799,5.25,5.269,5.225,5.269,178.4
1558594800,1558598399,5.258,5.258,5.22,5.22,65.8
1558598400,1558601999,5.21,5.21,5.167,5.21,262.3
1558602000,1558605599,5.204,5.24,5.197,5.24,217.5
1558605600,1558609199,5.256,5.297,5.256,5.297,51.6
1558609200,1558612799,5.289,5.289,5.255,5.255,33.2
1558612800,1558616399,5.25,5.325,5.25,5.325,13.4
1558616400,1558619999,5.302,5.313,5.285,5.311,623.7
1558620000,1558623599,5.316,5.349,5.299,5.324,572.3
1558623600,1558627199,5.324,5.361,5.318,5.318,338.9
1558627200,1558630799,5.358,5.371,5.341,5.349,499.5
1558630800,1558634399,5.351,5.351,5.255,5.263,178.2
1558634400,1558637999,5.294,5.304,5.272,5.288,187.8
1558638000,1558641599,5.29,5.332,5.265,5.289,315.1
1558641600,1558645199,5.297,5.344,5.297,5.342,283.9
1558645200,1558648799,5.335,5.397,5.333,5.378,98.3
1558648800,1558652399,5.376,5.48,5.376,5.428,176
1558656000,1558659599,5.417,5.435,5.383,5.435,69.1
1558659600,1558663199,5.441,5.447,5.43,5.43,907.0
1558663200,1558666799,5.414,5.414,5.405,5.405,94.3
1558666800,1558670399,5.399,5.399,5.399,5.399,2.0
1558674000,1558677599,5.419,5.419,5.394,5.394,146.2
1558677600,1558681199,5.392,5.54,5.377,5.54,419.2
1558681200,1558684799,5.539,5.618,5.539,5.615,927.1
1558684800,1558688399,5.62,5.667,5.617,5.64,1076.5
1558688400,1558691999,5.646,5.658,5.608,5.619,245.2
1558692000,1558695599,5.651,5.658,5.635,5.658,260.8
1558695600,1558699199,5.696,5.77,5.693,5.76,558.3
1558699200,1558702799,5.76,5.76,5.684,5.689,643.1
1558702800,1558706399,5.719,5.736,5.685,5.7,97.1
1558706400,1558709999,5.73,5.774,5.715,5.774,859.3
1558710000,1558713599,5.776,5.799,5.753,5.759,182.0
1558713600,1558717199,5.761,5.819,5.749,5.755,246.3
1558717200,1558720799,5.764,5.787,5.741,5.777,239.4
1558720800,1558724399,5.789,5.82,5.774,5.807,69.7
1558724400,1558727999,5.778,5.819,5.735,5.785,1059.9
1558728000,1558731599,5.777,5.869,5.777,5.869,642.3
1558731600,1558735199,5.869,5.869,5.794,5.794,120.4
1558735200,1558738799,5.821,5.863,5.785,5.785,484.6
1558738800,1558742399,5.768,5.769,5.659,5.725,647.5
1558742400,1558745999,5.697,5.706,5.697,5.706,50.2
1558746000,1558749599,5.725,5.762,5.725,5.762,14.9
1558749600,1558753199,5.762,5.77,5.74,5.77,53.5
1558753200,1558756799,5.798,5.861,5.792,5.861,186.6
1558756800,1558760399,5.798,5.798,5.79,5.79,45.1
1558760400,1558763999,5.771,5.771,5.734,5.734,225.1
1558764000,1558767599,5.719,5.754,5.7,5.7,500.2
1558767600,1558771199,5.728,5.754,5.728,5.754,44.2
1558771200,1558774799,5.755,5.782,5.755,5.777,202.4
1558774800,1558778399,5.771,5.843,5.771,5.843,125.0
1558778400,1558781999,5.815,5.815,5.79,5.791,360.7
1558782000,1558785599,5.792,5.813,5.774,5.813,1485.9
1558785600,1558789199,5.774,5.821,5.75,5.76,240.8
1558789200,1558792799,5.711,5.719,5.681,5.681,125.7
1558792800,1558796399,5.7,5.733,5.7,5.733,342.8
1558796400,1558799999,5.716,5.724,5.707,5.716,169.8
1558800000,1558803599,5.692,5.692,5.668,5.685,403.2
1558807200,1558810799,5.7,5.7,5.65,5.667,152.6
1558810800,1558814399,5.651,5.659,5.646,5.65,26.9
1558814400,1558817999,5.674,5.674,5.659,5.66,8.9
1558818000,1558821599,5.66,5.7,5.66,5.7,50.7
1558821600,1558825199,5.7,5.742,5.7,5.725,453.9
1558825200,1558828799,5.717,5.717,5.717,5.717,4.9
1558828800,1558832399,5.73,5.747,5.73,5.747,99.1
1558836000,1558839599,5.739,5.747,5.691,5.691,25.7
1558843200,1558846799,5.691,5.721,5.681,5.681,146.2
1558846800,1558850399,5.679,5.679,5.641,5.641,116.1
1558850400,1558853999,5.659,5.659,5.625,5.625,9.9
1558854000,1558857599,5.639,5.706,5.625,5.697,217.3
1558857600,1558861199,5.704,5.711,5.672,5.711,214.1
1558861200,1558864799,5.702,5.72,5.647,5.647,916.9
1558864800,1558868399,5.632,5.638,5.625,5.625,217.1
1558868400,1558871999,5.62,5.62,5.582,5.62,125.5
1558872000,1558875599,5.609,5.657,5.609,5.631,45.8
1558875600,1558879199,5.617,5.682,5.612,5.682,527.3
1558879200,1558882799,5.667,5.671,5.647,5.647,195.6
1558882800,1558886399,5.661,5.685,5.661,5.685,10.7
1558886400,1558889999,5.674,5.674,5.67,5.67,0.7
1558890000,1558893599,5.676,5.695,5.676,5.693,1.6
1558893600,1558897199,5.693,5.715,5.69,5.715,34.2
1558897200,1558900799,5.716,5.982,5.705,5.98,1631.5
1558900800,1558904399,5.977,6.236,5.977,6.218,2843.9
1558904400,1558907999,6.173,6.22,6.099,6.161,1998.8
1558908000,1558911599,6.16,6.21,6.07,6.142,1954.4
1558911600,1558915199,6.139,6.21,6.108,6.2,856.4
1558915200,1558918799,6.2,6.279,6.199,6.265,300.6
1558918800,1558922399,6.248,6.275,6.171,6.19,123.7
1558922400,1558925999,6.175,6.262,6.14,6.231,1307.0
1558926000,1558929599,6.24,6.24,6.216,6.228,15.5
1558929600,1558933199,6.22,6.22,6.097,6.16,262.2
1558933200,1558936799,6.154,6.196,6.154,6.196,17.0
1558936800,1558940399,6.187,6.226,6.187,6.222,104.1
1558940400,1558943999,6.222,6.258,6.221,6.221,107.4
1558944000,1558947599,6.207,6.218,6.206,6.214,67.5
1558947600,1558951199,6.217,6.253,6.217,6.238,457.1
1558951200,1558954799,6.238,6.274,6.22,6.248,1446.1
1558954800,1558958399,6.247,6.257,6.2,6.236,1818.5
1558958400,1558961999,6.242,6.51,6.242,6.51,2933.7
1558962000,1558965599,6.51,6.543,6.474,6.509,2763.8
1558965600,1558969199,6.488,6.53,6.47,6.515,503.7
1558969200,1558972799,6.522,6.738,6.522,6.695,3043.9
1558972800,1558976399,6.71,7.162,6.579,6.637,10488.7
1558976400,1558979999,6.664,6.76,6.639,6.646,3979.5
1558980000,1558983599,6.7,6.96,6.7,6.92,822.9
1558983600,1558987199,6.935,6.95,6.808,6.95,1263.7
1558987200,1558990799,6.995,6.995,6.811,6.844,2511.6
1558990800,1558994399,6.829,6.922,6.7,6.9,861.6
1558994400,1558997999,6.876,7.071,6.831,7.071,1315.9
1558998000,1559001599,7.071,7.34,7.006,7.17,2359.5
1559001600,1559005199,7.267,7.267,7.136,7.145,218.8
1559005200,1559008799,7.208,7.293,7.185,7.185,201.8
1559008800,1559012399,7.176,7.25,7.133,7.133,364.3
1559012400,1559015999,7.172,7.172,7.125,7.125,170.1
1559016000,1559019599,7.125,7.235,7.125,7.13,678.9
1559019600,1559023199,7.129,7.129,7.0,7.072,1529.2
1559023200,1559026799,7.071,7.071,6.89,7.01,2593.2
1559026800,1559030399,7.0,7.116,7.0,7.095,1243.5
1559030400,1559033999,7.093,7.211,7.035,7.211,625.2
1559034000,1559037599,7.3,7.354,7.2,7.233,4383.5
1559037600,1559041199,7.207,7.207,7.11,7.16,940.0
1559041200,1559044799,7.14,7.27,7.13,7.27,3191.5
1559044800,1559048399,7.247,7.315,7.18,7.195,6687.5
1559048400,1559051999,7.221,7.221,6.843,7.065,5955.9
1559052000,1559055599,7.057,7.164,7.04,7.159,4015.7
1559055600,1559059199,7.159,7.159,7.071,7.141,349.3
1559059200,1559062799,7.154,7.159,7.0,7.065,1581.7
1559062800,1559066399,7.075,7.293,7.053,7.15,2418.9
1559066400,1559069999,7.16,7.16,7.071,7.156,4419.8
1559070000,1559073599,7.156,7.23,7.091,7.135,6066.2
1559073600,1559077199,7.174,7.236,7.142,7.191,639.0
1559077200,1559080799,7.189,7.206,7.118,7.206,654.3
1559080800,1559084399,7.259,7.27,7.202,7.244,793.2
1559084400,1559087999,7.209,7.295,7.154,7.241,1418.5
1559088000,1559091599,7.198,7.21,7.135,7.135,199.4
1559091600,1559095199,7.132,7.158,7.05,7.05,821.6
1559095200,1559098799,7.051,7.067,7.013,7.053,307.5
1559098800,1559102399,7.085,7.11,7.063,7.11,293.0
1559102400,1559105999,7.03,7.03,6.949,6.982,4904.4
1559106000,1559109599,6.95,6.95,6.73,6.865,2701.2
1559109600,1559113199,6.96,6.99,6.945,6.961,31.4
1559113200,1559116799,6.975,7.072,6.975,6.999,1198.3
1559116800,1559120399,6.999,7.12,6.99,7.12,624.1
1559120400,1559123999,7.099,7.114,7.053,7.114,430.6
1559124000,1559127599,7.15,7.229,7.15,7.177,2434.8
1559127600,1559131199,7.185,7.185,7.104,7.104,951.2
1559131200,1559134799,7.15,7.179,7.103,7.178,249.8
1559134800,1559138399,7.178,7.349,7.149,7.315,1280.5
1559138400,1559141999,7.33,7.395,7.288,7.288,3025.7
1559142000,1559145599,7.29,7.4,7.29,7.357,1812.0
1559145600,1559149199,7.331,7.351,7.238,7.351,767.6
1559149200,1559152799,7.362,7.362,7.3,7.3,181.7
1559152800,1559156399,7.3,7.362,7.275,7.328,715.5
1559156400,1559159999,7.328,7.38,7.328,7.38,249.0
1559160000,1559163599,7.373,7.384,7.258,7.263,844.4
1559163600,1559167199,7.3,7.308,7.268,7.287,1917.4
1559167200,1559170799,7.298,7.325,7.257,7.273,489.0
1559170800,1559174399,7.274,7.291,7.074,7.187,3595.9
1559174400,1559177999,7.115,7.344,7.104,7.344,473.4
1559178000,1559181599,7.35,7.377,7.101,7.137,1078.5
1559181600,1559185199,7.112,7.201,7.112,7.201,132.9
1559185200,1559188799,7.213,7.319,7.205,7.269,856.8
1559188800,1559192399,7.272,7.338,7.272,7.303,225.0
1559192400,1559195999,7.307,7.365,7.223,7.25,2421.2
1559196000,1559199599,7.236,7.301,7.236,7.253,280.6
1559199600,1559203199,7.251,7.31,7.251,7.276,818.9
1559203200,1559206799,7.276,7.299,7.209,7.246,3017.4
1559206800,1559210399,7.259,7.259,7.222,7.243,150.1
1559210400,1559213999,7.254,7.337,7.25,7.267,643.3
1559214000,1559217599,7.273,7.291,7.259,7.259,345.2
1559217600,1559221199,7.25,7.288,7.238,7.288,795.0
1559221200,1559224799,7.283,7.35,7.283,7.31,3510.8
1559224800,1559228399,7.31,7.322,7.292,7.322,618.2
1559228400,1559231999,7.329,7.6,7.329,7.6,1540.0
1559232000,1559235599,7.576,7.648,7.08,7.08,6014.4
1559235600,1559239199,7.059,7.239,6.852,7.122,10842.1
1559239200,1559242799,7.114,7.319,7.047,7.318,9914.4
1559242800,1559246399,7.318,7.419,7.157,7.196,13097.2
1559246400,1559249999,7.204,7.204,6.976,7.09,7756.4
1559250000,1559253599,7.094,7.128,6.201,6.51,24384.2
1559253600,1559257199,6.493,6.65,6.43,6.604,15031.5
1559257200,1559260799,6.625,6.683,6.528,6.594,3714.9
1559260800,1559264399,6.643,6.754,6.626,6.632,3326.6
1559264400,1559267999,6.662,6.751,6.659,6.659,3111.1
1559268000,1559271599,6.659,6.701,6.653,6.654,282.3
1559271600,1559275199,6.596,6.656,6.596,6.64,74.1
1559275200,1559278799,6.639,6.64,6.5,6.5,4286.8
1559278800,1559282399,6.501,6.657,6.501,6.624,2242.3
1559282400,1559285999,6.622,6.728,6.618,6.665,3938.2
1559286000,1559289599,6.668,6.7,6.583,6.659,9726.4
1559289600,1559293199,6.66,6.747,6.609,6.646,11910.5
1559293200,1559296799,6.631,6.718,6.631,6.695,4029.3
1559296800,1559300399,6.69,6.981,6.682,6.868,16414.8
1559300400,1559303999,6.874,6.998,6.802,6.89,8500.5
1559304000,1559307599,6.89,7.11,6.868,7.11,3989.1
1559307600,1559311199,7.118,7.283,7.088,7.149,14552.4
1559311200,1559314799,7.15,7.2,7.027,7.14,4761.5
1559314800,1559318399,7.134,7.178,6.948,6.978,4734.3
1559318400,1559321999,6.984,7.162,6.858,7.13,10890.5
1559322000,1559325599,7.11,7.199,7.081,7.16,2991.4
1559325600,1559329199,7.136,7.25,7.124,7.246,8037.3
1559329200,1559332799,7.241,7.356,7.24,7.285,15960.5
1559332800,1559336399,7.285,7.336,7.215,7.329,6438.9
1559336400,1559339999,7.322,7.462,7.322,7.445,8147.2
1559340000,1559343599,7.435,7.598,7.341,7.598,11523.0
1559343600,1559347199,7.597,7.899,7.557,7.732,21970.5
1559347200,1559350799,7.732,7.78,7.534,7.683,8500.9
1559350800,1559354399,7.65,7.654,7.6,7.64,1668.4
1559354400,1559357999,7.64,7.64,7.547,7.61,521.3
1559358000,1559361599,7.639,7.639,7.557,7.557,610.9
1559361600,1559365199,7.606,7.665,7.549,7.64,2182.9
1559365200,1559368799,7.64,7.64,7.251,7.39,5519.8
1559368800,1559372399,7.35,7.461,7.276,7.445,4962.9
1559372400,1559375999,7.441,7.505,7.348,7.499,2399.9
1559376000,1559379599,7.5,7.583,7.453,7.494,7772.5
1559379600,1559383199,7.507,7.665,7.507,7.539,5656.9
1559383200,1559386799,7.553,7.589,7.453,7.487,5668.1
1559386800,1559390399,7.492,7.549,7.44,7.458,6765.8
1559390400,1559393999,7.484,7.547,7.429,7.454,2072.1
1559394000,1559397599,7.455,7.455,7.335,7.404,10352.7
1559397600,1559401199,7.398,7.454,7.12,7.241,13503.9
1559401200,1559404799,7.23,7.399,7.23,7.373,4563.4
1559404800,1559408399,7.367,7.497,7.367,7.428,2057.6
1559408400,1559411999,7.428,7.455,7.281,7.327,1969.4
1559412000,1559415599,7.327,7.395,7.2,7.246,3772.6
1559415600,1559419199,7.246,7.292,6.961,7.185,5572.1
1559419200,1559422799,7.185,7.347,7.185,7.342,1044.1
1559422800,1559426399,7.345,7.542,7.344,7.371,1563.8
1559426400,1559429999,7.371,7.419,7.045,7.419,3978.6
1559430000,1559433599,7.403,7.414,6.699,6.901,19089.3
1559433600,1559437199,6.886,7.107,6.86,6.994,4393.5
1559437200,1559440799,6.977,7.073,6.928,6.942,1507.7
1559440800,1559444399,6.955,6.955,6.79,6.801,1450.1
1559444400,1559447999,6.806,6.883,6.774,6.839,1739.9
1559448000,1559451599,6.854,7.044,6.854,6.934,2955.6
1559451600,1559455199,6.983,7.019,6.882,7.002,2354.0
1559455200,1559458799,7.017,7.119,6.961,7.001,6760.0
1559458800,1559462399,7.001,7.225,7.0,7.189,9801.5
1559462400,1559465999,7.152,7.22,7.073,7.141,7324.8
1559466000,1559469599,7.138,7.218,7.07,7.087,2923.1
1559469600,1559473199,7.087,7.143,6.951,7.08,11930.5
1559473200,1559476799,7.062,7.115,7.041,7.079,2393.2
1559476800,1559480399,7.065,7.143,7.013,7.046,5032
1559480400,1559483999,7.037,7.037,6.843,6.908,7350
1559484000,1559487599,6.908,6.982,6.89,6.896,3390
1559487600,1559491199,6.896,7.0,6.896,6.935,2770
1559491200,1559494799,6.915,7.008,6.854,6.947,5261.8
1559494800,1559498399,6.889,6.984,6.815,6.815,2563.5
1559498400,1559501999,6.827,6.897,6.8,6.8,7689.8
1559502000,1559505599,6.788,6.873,6.72,6.775,4647.0
1559505600,1559509199,6.775,6.899,6.775,6.821,5181.5
1559509200,1559512799,6.827,6.963,6.798,6.93,3424.1
1559512800,1559516399,6.921,6.959,6.897,6.918,905.6
1559516400,1559519999,6.94,6.988,6.9,6.96,894.9
1559520000,1559523599,6.94,6.94,6.759,6.777,3071.9
1559523600,1559527199,6.779,6.983,6.75,6.796,2960.0
1559527200,1559530799,6.796,6.825,6.718,6.781,3243.2
1559530800,1559534399,6.795,6.889,6.784,6.813,1557.1
1559534400,1559537999,6.797,6.906,6.797,6.84,633.1
1559538000,1559541599,6.838,6.851,6.72,6.77,1144.9
1559541600,1559545199,6.762,6.77,6.504,6.565,7301.6
1559545200,1559548799,6.586,6.594,6.411,6.518,7325.0
1559548800,1559552399,6.527,6.665,6.518,6.539,5748.3
1559552400,1559555999,6.53,6.612,6.5,6.565,3010.4
1559556000,1559559599,6.576,6.66,6.502,6.64,4361.3
1559559600,1559563199,6.64,6.665,6.568,6.578,4671.7
1559563200,1559566799,6.587,6.638,6.569,6.57,3377.8
1559566800,1559570399,6.569,6.58,6.497,6.497,6105.0
1559570400,1559573999,6.5,6.538,6.369,6.408,5392.6
1559574000,1559577599,6.4,6.516,6.38,6.514,6747.2
1559577600,1559581199,6.485,6.606,6.45,6.54,1423.7
1559581200,1559584799,6.504,6.52,6.39,6.396,5735.0
1559584800,1559588399,6.395,6.471,6.371,6.417,2671.2
1559588400,1559591999,6.433,6.437,6.37,6.405,2216.8
1559592000,1559595599,6.412,6.437,6.29,6.36,4136.3
1559595600,1559599199,6.383,6.383,6.123,6.242,25277.8
1559599200,1559602799,6.235,6.248,6.15,6.209,4793.9
1559602800,1559606399,6.195,6.198,5.851,5.97,14056.7
1559606400,1559609999,5.961,5.961,5.7,5.941,12178.2
1559610000,1559613599,5.942,5.991,5.9,5.949,4259.5
1559613600,1559617199,5.922,5.989,5.879,5.989,1024.2
1559617200,1559620799,6.005,6.005,5.855,5.907,2019.4
1559620800,1559624399,5.899,6.024,5.868,5.958,4235.1
1559624400,1559627999,5.958,6.058,5.92,5.935,4104.5
1559628000,1559631599,5.901,5.909,5.828,5.83,4040.3
1559631600,1559635199,5.831,5.885,5.706,5.885,13284.5
1559635200,1559638799,5.876,5.95,5.86,5.95,6291.8
1559638800,1559642399,5.936,5.973,5.883,5.936,3828.7
1559642400,1559645999,5.958,5.983,5.91,5.964,6224.7
1559646000,1559649599,5.945,5.963,5.891,5.899,3522.0
1559649600,1559653199,5.898,5.969,5.887,5.959,2149.6
1559653200,1559656799,5.957,6.129,5.953,6.095,6288.9
1559656800,1559660399,6.095,6.114,6.053,6.099,3942.6
1559660400,1559663999,6.084,6.1,5.981,6.003,2988.1
1559664000,1559667599,5.999,6.04,5.916,5.959,1751.0
1559667600,1559671199,5.944,5.984,5.55,5.583,14238.7
1559671200,1559674799,5.589,5.723,5.589,5.61,9231.0
1559674800,1559678399,5.609,5.634,5.312,5.407,23234.2
1559678400,1559681999,5.405,5.524,5.365,5.487,8549.6
1559682000,1559685599,5.497,5.521,5.39,5.424,7668.0
1559685600,1559689199,5.38,5.57,5.376,5.552,4579.7
1559689200,1559692799,5.549,5.614,5.49,5.614,2035.3
1559692800,1559696399,5.611,5.646,5.58,5.624,3484.0
1559696400,1559699999,5.57,5.63,5.563,5.598,363.9
1559700000,1559703599,5.625,5.653,5.608,5.65,592.7
1559703600,1559707199,5.632,5.633,5.599,5.627,550.4
1559707200,1559710799,5.626,5.629,5.568,5.605,328.9
1559710800,1559714399,5.602,5.623,5.522,5.528,756.8
1559714400,1559717999,5.534,5.622,5.476,5.566,6866.1
1559718000,1559721599,5.547,5.735,5.535,5.695,4046.3
1559721600,1559725199,5.707,5.762,5.602,5.716,4077.7
1559725200,1559728799,5.661,5.685,5.604,5.681,1001.7
1559728800,1559732399,5.677,5.79,5.664,5.77,7301.8
1559732400,1559735999,5.767,5.794,5.698,5.717,4968.0
1559736000,1559739599,5.723,5.723,5.633,5.633,2384.1
1559739600,1559743199,5.64,5.692,5.604,5.632,2665.1
1559743200,1559746799,5.636,5.672,5.504,5.537,9443.5
1559746800,1559750399,5.571,5.613,5.5,5.548,5399.4
1559750400,1559753999,5.567,5.683,5.567,5.67,1615.2
1559754000,1559757599,5.654,5.756,5.641,5.714,3461.1
1559757600,1559761199,5.711,5.739,5.694,5.739,2492.3
1559761200,1559764799,5.739,5.786,5.72,5.736,4585.4
1559764800,1559768399,5.735,5.799,5.6,5.618,2990.9
1559768400,1559771999,5.624,5.734,5.604,5.717,1918.1
1559772000,1559775599,5.694,5.764,5.683,5.718,1244.6
1559775600,1559779199,5.72,5.762,5.719,5.737,336.5
1559779200,1559782799,5.728,5.735,5.682,5.693,76.7
1559782800,1559786399,5.696,5.761,5.696,5.72,111.0
1559786400,1559789999,5.734,5.745,5.711,5.745,485.1
1559790000,1559793599,5.725,5.745,5.721,5.745,413.8
1559793600,1559797199,5.719,5.733,5.676,5.697,391.8
1559797200,1559800799,5.676,5.676,5.621,5.656,311.6
1559800800,1559804399,5.668,5.699,5.652,5.677,1939.4
1559804400,1559807999,5.69,5.693,5.602,5.611,454.6
1559808000,1559811599,5.611,5.656,5.601,5.648,3214.5
1559811600,1559815199,5.654,5.698,5.612,5.617,1222.6
1559815200,1559818799,5.629,5.664,5.621,5.645,1343.9
1559818800,1559822399,5.648,5.68,5.642,5.677,1126.2
1559822400,1559825999,5.662,5.662,5.555,5.56,1935.2
1559826000,1559829599,5.552,5.59,5.509,5.571,681.9
1559829600,1559833199,5.568,5.569,5.454,5.525,5586.7
1559833200,1559836799,5.511,5.533,5.45,5.475,885.3
1559836800,1559840399,5.475,5.599,5.422,5.51,7951.1
1559840400,1559843999,5.511,5.525,5.477,5.478,1320.9
1559844000,1559847599,5.478,5.481,5.272,5.346,8609.2
1559847600,1559851199,5.345,5.379,5.321,5.351,1778.7
1559851200,1559854799,5.347,5.459,5.347,5.448,697.9
1559854800,1559858399,5.445,5.576,5.437,5.562,1451.4
1559858400,1559861999,5.562,5.594,5.545,5.551,3002.9
1559862000,1559865599,5.57,5.661,5.57,5.661,1944.3
1559865600,1559869199,5.656,5.664,5.61,5.61,536.1
1559869200,1559872799,5.61,5.655,5.601,5.617,4360.1
1559872800,1559876399,5.604,5.624,5.599,5.62,52.3
1559876400,1559879999,5.63,5.648,5.62,5.641,377.9
1559880000,1559883599,5.628,5.702,5.628,5.661,1769.6
1559883600,1559887199,5.66,5.696,5.646,5.696,818.8
1559887200,1559890799,5.696,5.799,5.683,5.771,8365.6
1559890800,1559894399,5.77,5.818,5.752,5.765,3594.7
1559894400,1559897999,5.764,5.807,5.733,5.734,3144.2
1559898000,1559901599,5.737,5.76,5.699,5.719,1566.8
1559901600,1559905199,5.718,5.754,5.718,5.736,1607.8
1559905200,1559908799,5.728,5.738,5.673,5.686,1188.7
1559908800,1559912399,5.676,5.744,5.655,5.674,1934.2
1559912400,1559915999,5.669,5.731,5.656,5.72,2738.8
1559916000,1559919599,5.722,5.725,5.676,5.676,3514.5
1559919600,1559923199,5.696,5.742,5.683,5.73,1020.7
1559923200,1559926799,5.732,5.94,5.718,5.905,7105.3
1559926800,1559930399,5.899,5.972,5.89,5.947,4393.1
1559930400,1559933999,5.946,6.026,5.946,5.96,3646.9
1559934000,1559937599,5.96,5.96,5.801,5.834,6692.7
1559937600,1559941199,5.833,5.881,5.806,5.806,1425.2
1559941200,1559944799,5.806,5.859,5.798,5.837,1325.3
1559944800,1559948399,5.837,5.96,5.826,5.96,2679.8
1559948400,1559951999,5.963,5.963,5.866,5.88,3780.6
1559952000,1559955599,5.88,5.913,5.858,5.913,2036.2
1559955600,1559959199,5.904,5.905,5.83,5.83,337.5
1559959200,1559962799,5.818,5.833,5.774,5.788,1006.0
1559962800,1559966399,5.803,5.803,5.75,5.75,768.3
1559966400,1559969999,5.768,5.81,5.761,5.781,43.7
1559970000,1559973599,5.797,5.809,5.75,5.75,135.3
1559973600,1559977199,5.752,5.816,5.7,5.7,690.1
1559977200,1559980799,5.697,5.731,5.67,5.71,635.1
1559980800,1559984399,5.74,5.807,5.74,5.787,3656.2
1559984400,1559987999,5.786,5.807,5.74,5.803,412.3
1559988000,1559991599,5.79,5.8,5.741,5.741,1228.7
1559991600,1559995199,5.757,5.77,5.74,5.769,348.0
1559995200,1559998799,5.77,5.794,5.691,5.705,3079.6
1559998800,1560002399,5.695,5.727,5.674,5.71,1841.0
1560002400,1560005999,5.691,5.704,5.647,5.675,1203.3
1560006000,1560009599,5.65,5.707,5.59,5.634,3299.9
1560009600,1560013199,5.642,5.644,5.503,5.519,1697.9
1560013200,1560016799,5.519,5.563,5.504,5.55,1000.2
1560016800,1560020399,5.557,5.566,5.519,5.546,5239.6
1560020400,1560023999,5.525,5.563,5.525,5.539,1271.3
1560024000,1560027599,5.549,5.622,5.541,5.598,1444.1
1560027600,1560031199,5.613,5.673,5.612,5.648,1694.5
1560031200,1560034799,5.639,5.693,5.61,5.693,1767.2
1560034800,1560038399,5.677,5.695,5.621,5.621,798.3
1560038400,1560041999,5.637,5.664,5.545,5.573,337.8
1560042000,1560045599,5.586,5.586,5.56,5.569,64.9
1560045600,1560049199,5.565,5.583,5.55,5.583,147.3
1560049200,1560052799,5.575,5.575,5.57,5.574,78.5
1560052800,1560056399,5.571,5.591,5.567,5.591,49.1
1560056400,1560059999,5.568,5.591,5.558,5.585,20.7
1560060000,1560063599,5.59,5.591,5.533,5.558,1119.6
1560063600,1560067199,5.558,5.696,5.556,5.696,719.9
1560067200,1560070799,5.696,5.732,5.66,5.711,1821.9
1560070800,1560074399,5.71,5.711,5.654,5.654,2861.0
1560074400,1560077999,5.652,5.661,5.635,5.651,542.4
1560078000,1560081599,5.658,5.682,5.617,5.617,1134.3
1560081600,1560085199,5.613,5.613,5.501,5.542,3722.8
1560085200,1560088799,5.535,5.561,5.449,5.489,1866.0
1560088800,1560092399,5.47,5.524,5.44,5.524,942.4
1560092400,1560095999,5.525,5.538,5.456,5.456,661.6
1560096000,1560099599,5.463,5.469,5.309,5.376,6564.8
1560099600,1560103199,5.386,5.392,5.351,5.379,579.5
1560103200,1560106799,5.387,5.41,5.355,5.397,1274.1
1560106800,1560110399,5.378,5.48,5.376,5.48,941.5
1560110400,1560113999,5.48,5.48,5.442,5.442,2397.5
1560114000,1560117599,5.414,5.46,5.406,5.42,3641.2
1560117600,1560121199,5.414,5.42,5.368,5.407,2252.4
1560121200,1560124799,5.398,5.475,5.375,5.446,1948.0
1560124800,1560128399,5.444,5.45,5.39,5.449,1478.4
1560128400,1560131999,5.44,5.474,5.4,5.435,752.6
1560132000,1560135599,5.452,5.472,5.422,5.472,2517.8
1560135600,1560139199,5.457,5.507,5.457,5.493,954.0
1560139200,1560142799,5.464,5.481,5.448,5.481,27.1
1560142800,1560146399,5.464,5.498,5.443,5.498,118.8
1560146400,1560149999,5.498,5.55,5.484,5.522,813.6
1560150000,1560153599,5.511,5.57,5.511,5.548,1714.5
1560153600,1560157199,5.53,5.562,5.512,5.512,2398.2
1560157200,1560160799,5.53,5.544,5.471,5.472,5598.7
1560160800,1560164399,5.473,5.477,5.424,5.431,840.5
1560164400,1560167999,5.44,5.686,5.411,5.673,3283.8
1560168000,1560171599,5.668,5.764,5.662,5.709,4404.2
1560171600,1560175199,5.716,5.719,5.627,5.667,2659.7
1560175200,1560178799,5.677,5.7,5.65,5.677,473.4
1560178800,1560182399,5.661,5.67,5.586,5.628,1525.5
1560182400,1560185999,5.622,5.69,5.603,5.629,479.1
1560186000,1560189599,5.623,5.652,5.623,5.633,576.9
1560189600,1560193199,5.626,5.671,5.62,5.651,649.1
1560193200,1560196799,5.651,5.679,5.645,5.658,2181.4
1560196800,1560200399,5.657,5.685,5.601,5.624,4011.4
1560200400,1560203999,5.624,5.635,5.58,5.629,1068.7
1560204000,1560207599,5.641,5.667,5.623,5.646,458.1
1560207600,1560211199,5.633,5.71,5.628,5.705,493.9
1560211200,1560214799,5.727,5.748,5.667,5.672,869.1
1560214800,1560218399,5.67,5.681,5.659,5.681,94.2
1560218400,1560221999,5.65,5.657,5.65,5.657,3.0
1560222000,1560225599,5.653,5.668,5.639,5.639,34.2
1560225600,1560229199,5.648,5.648,5.618,5.622,143.5
1560229200,1560232799,5.62,5.657,5.61,5.638,167.4
1560232800,1560236399,5.638,5.642,5.616,5.642,434.4
1560236400,1560239999,5.626,5.651,5.604,5.626,695.2
1560240000,1560243599,5.63,5.677,5.619,5.673,362.5
1560243600,1560247199,5.677,5.68,5.63,5.631,2978.9
1560247200,1560250799,5.631,5.653,5.478,5.527,2894.2
1560250800,1560254399,5.527,5.586,5.469,5.524,4347.5
1560254400,1560257999,5.524,5.548,5.491,5.523,779.3
1560258000,1560261599,5.517,5.545,5.514,5.52,355.3
1560261600,1560265199,5.521,5.529,5.48,5.5,748.9
1560265200,1560268799,5.509,5.51,5.466,5.505,5403.4
1560268800,1560272399,5.488,5.623,5.441,5.606,914.8
1560272400,1560275999,5.616,5.625,5.568,5.588,838.7
1560276000,1560279599,5.588,5.608,5.52,5.528,2049.1
1560279600,1560283199,5.521,5.563,5.513,5.558,3298.5
1560283200,1560286799,5.562,5.643,5.544,5.622,1169.5
1560286800,1560290399,5.64,5.662,5.595,5.596,547.6
1560290400,1560293999,5.596,5.638,5.573,5.597,3010.7
1560294000,1560297599,5.597,5.619,5.582,5.619,636.7
1560297600,1560301199,5.6,5.6,5.535,5.535,113.4
1560301200,1560304799,5.547,5.573,5.547,5.555,15.5
1560304800,1560308399,5.569,5.652,5.569,5.652,1288.9
1560308400,1560311999,5.654,5.654,5.611,5.613,255.2
1560312000,1560315599,5.612,5.634,5.597,5.634,68.1
1560315600,1560319199,5.619,5.619,5.578,5.59,225.3
1560319200,1560322799,5.57,5.598,5.557,5.572,279.5
1560322800,1560326399,5.58,5.63,5.575,5.598,507.9
1560326400,1560329999,5.596,5.599,5.557,5.581,1281.2
1560330000,1560333599,5.571,5.579,5.515,5.565,1513.9
1560333600,1560337199,5.566,5.612,5.566,5.596,717.6
1560337200,1560340799,5.601,5.631,5.561,5.594,1295.5
1560340800,1560344399,5.588,5.625,5.58,5.617,1057.5
1560344400,1560347999,5.611,5.631,5.579,5.593,732.5
1560348000,1560351599,5.592,5.617,5.55,5.599,1588.5
1560351600,1560355199,5.619,5.748,5.6,5.694,19697.2
1560355200,1560358799,5.694,5.743,5.677,5.711,1553.7
1560358800,1560362399,5.711,5.718,5.593,5.635,5238.3
1560362400,1560365999,5.631,5.683,5.618,5.648,3878.4
1560366000,1560369599,5.656,5.692,5.635,5.684,610.0
1560369600,1560373199,5.674,5.676,5.603,5.632,4850.1
1560373200,1560376799,5.646,5.668,5.633,5.668,545.2
1560376800,1560380399,5.667,5.689,5.655,5.67,1170.9
1560380400,1560383999,5.656,5.722,5.656,5.716,368.6
1560384000,1560387599,5.718,5.9,5.694,5.87,4394.9
1560387600,1560391199,5.856,5.856,5.805,5.805,1598.1
1560391200,1560394799,5.797,5.809,5.764,5.764,53.2
1560394800,1560398399,5.788,5.843,5.788,5.843,2158.9
1560398400,1560401999,5.813,5.815,5.799,5.814,35.5
1560402000,1560405599,5.812,5.815,5.796,5.813,441.8
1560405600,1560409199,5.798,5.809,5.78,5.796,2047.9
1560409200,1560412799,5.786,5.83,5.779,5.816,1493.9
1560412800,1560416399,5.808,5.837,5.79,5.81,869.2
1560416400,1560419999,5.81,5.821,5.771,5.771,664.9
1560420000,1560423599,5.776,5.789,5.724,5.758,6383.1
1560423600,1560427199,5.757,5.784,5.757,5.763,1696.6
1560427200,1560430799,5.768,5.82,5.663,5.743,2372.3
1560430800,1560434399,5.76,5.814,5.76,5.78,769.2
1560434400,1560437999,5.792,5.799,5.772,5.795,758.1
1560438000,1560441599,5.796,5.858,5.772,5.772,3371.2
1560441600,1560445199,5.793,5.816,5.77,5.77,3124.6
1560445200,1560448799,5.796,5.799,5.742,5.773,1481.6
1560448800,1560452399,5.752,5.81,5.752,5.803,767.0
1560452400,1560455999,5.798,5.81,5.771,5.805,1760.6
1560456000,1560459599,5.805,5.82,5.782,5.82,1050.4
1560459600,1560463199,5.82,5.852,5.808,5.846,1223.9
1560463200,1560466799,5.835,5.835,5.734,5.754,2704.9
1560466800,1560470399,5.756,5.767,5.73,5.747,186.9
1560470400,1560473999,5.766,5.766,5.753,5.754,45.7
1560474000,1560477599,5.749,5.749,5.683,5.683,4444.7
1560477600,1560481199,5.688,5.714,5.686,5.703,1172.6
1560481200,1560484799,5.691,5.712,5.684,5.701,68.3
1560484800,1560488399,5.724,5.738,5.703,5.728,556.7
1560488400,1560491999,5.712,5.738,5.711,5.727,113.1
1560492000,1560495599,5.72,5.722,5.695,5.712,652.0
1560495600,1560499199,5.71,5.71,5.67,5.688,178.8
1560499200,1560502799,5.69,5.749,5.686,5.709,2112.8
1560502800,1560506399,5.705,5.736,5.687,5.732,404.6
1560506400,1560509999,5.727,5.727,5.71,5.722,359.2
1560510000,1560513599,5.724,5.724,5.696,5.696,1549.6
1560513600,1560517199,5.696,5.734,5.685,5.73,549.5
1560517200,1560520799,5.716,5.795,5.715,5.759,787.0
1560520800,1560524399,5.761,5.77,5.723,5.746,376.5
1560524400,1560527999,5.734,5.753,5.721,5.73,586.3
1560528000,1560531599,5.729,5.748,5.706,5.706,1604.6
1560531600,1560535199,5.703,5.72,5.7,5.701,212.4
1560535200,1560538799,5.704,5.72,5.7,5.709,899.0
1560538800,1560542399,5.701,5.736,5.701,5.725,649.8
1560542400,1560545999,5.745,5.756,5.728,5.756,474.6
1560546000,1560549599,5.765,5.849,5.758,5.829,2136.8
1560549600,1560553199,5.829,5.849,5.829,5.84,969.6
1560553200,1560556799,5.839,5.881,5.837,5.881,585.2
1560556800,1560560399,5.877,5.974,5.836,5.973,2006.4
1560560400,1560563999,5.971,5.989,5.937,5.978,393.1
1560564000,1560567599,5.977,6.014,5.977,6.0,461.4
1560567600,1560571199,6.0,6.01,5.98,5.98,401.1
1560571200,1560574799,5.98,5.999,5.959,5.997,965.5
1560574800,1560578399,5.997,6.018,5.979,6.018,879.1
1560578400,1560581999,5.999,6.019,5.978,5.978,622.7
1560582000,1560585599,5.963,5.982,5.93,5.963,2556.0
1560585600,1560589199,5.977,6.016,5.941,5.941,1376.0
1560589200,1560592799,5.959,5.979,5.935,5.944,1095.1
1560592800,1560596399,5.941,5.968,5.94,5.967,217.0
1560596400,1560599999,5.956,5.971,5.939,5.969,992.6
1560600000,1560603599,5.969,5.989,5.93,5.93,1621.0
1560603600,1560607199,5.924,5.974,5.91,5.937,2122.1
1560607200,1560610799,5.937,5.984,5.925,5.957,1632.2
1560610800,1560614399,5.962,5.988,5.955,5.983,2430.6
1560614400,1560617999,5.976,6.187,5.975,6.146,13791.6
1560618000,1560621599,6.16,6.178,6.077,6.092,2040.5
1560621600,1560625199,6.092,6.167,6.09,6.149,1238.2
1560625200,1560628799,6.148,6.161,6.14,6.15,1017.6
1560628800,1560632399,6.14,6.141,6.058,6.117,2078.9
1560632400,1560635999,6.11,6.135,6.1,6.112,444.1
1560636000,1560639599,6.112,6.142,6.102,6.13,2012.4
1560639600,1560643199,6.143,6.177,6.14,6.142,1736.4
1560643200,1560646799,6.136,6.136,6.083,6.083,427.5
1560646800,1560650399,6.077,6.147,6.077,6.125,352.2
1560650400,1560653999,6.124,6.167,6.078,6.078,461.8
1560654000,1560657599,6.138,6.164,6.127,6.127,176.0
1560657600,1560661199,6.117,6.217,6.117,6.217,1737.6
1560661200,1560664799,6.217,6.289,6.217,6.266,1481.2
1560664800,1560668399,6.256,6.277,6.116,6.27,6235.6
1560668400,1560671999,6.227,6.251,6.001,6.151,6094.9
1560672000,1560675599,6.151,6.196,6.0,6.042,5461.1
1560675600,1560679199,6.053,6.14,6.017,6.07,2310.8
1560679200,1560682799,6.072,6.116,6.071,6.116,1140.6
1560682800,1560686399,6.116,6.19,6.108,6.163,1403.6
1560686400,1560689999,6.154,6.176,6.141,6.158,1445.0
1560690000,1560693599,6.168,6.238,6.145,6.218,2258.7
1560693600,1560697199,6.237,6.274,6.228,6.266,1460.3
1560697200,1560700799,6.268,6.269,6.17,6.25,3669.6
1560700800,1560704399,6.248,6.268,6.215,6.215,2416.1
1560704400,1560707999,6.216,6.226,6.149,6.16,2698.5
1560708000,1560711599,6.162,6.187,6.082,6.174,1225.3
1560711600,1560715199,6.173,6.173,6.042,6.072,3060.9
1560715200,1560718799,6.1,6.165,6.065,6.153,2087.2
1560718800,1560722399,6.134,6.174,6.124,6.174,604.1
1560722400,1560725999,6.174,6.2,6.153,6.2,2499.9
1560726000,1560729599,6.203,6.254,6.203,6.203,1259.8
1560729600,1560733199,6.236,6.328,6.236,6.322,1142.3
1560733200,1560736799,6.324,6.324,6.286,6.286,11.9
1560736800,1560740399,6.291,6.291,6.249,6.271,441.4
1560740400,1560743999,6.268,6.296,6.268,6.296,151.9
1560744000,1560747599,6.289,6.318,6.289,6.291,1301.5
1560747600,1560751199,6.29,6.29,6.231,6.249,70.2
1560751200,1560754799,6.249,6.296,6.249,6.273,855.7
1560754800,1560758399,6.281,6.303,6.261,6.297,1873.6
1560758400,1560761999,6.297,6.308,6.279,6.308,1176.0
1560762000,1560765599,6.308,6.308,6.281,6.3,1938.5
1560765600,1560769199,6.287,6.35,6.281,6.35,2134.7
1560769200,1560772799,6.347,6.347,6.301,6.331,956.6
1560772800,1560776399,6.335,6.454,6.32,6.397,3576.1
1560776400,1560779999,6.407,6.407,6.35,6.375,574.2
1560780000,1560783599,6.371,6.436,6.363,6.417,2525.6
1560783600,1560787199,6.402,6.413,6.236,6.236,3938.1
1560787200,1560790799,6.246,6.29,6.207,6.264,1385.9
1560790800,1560794399,6.287,6.32,6.278,6.297,860.1
1560794400,1560797999,6.289,6.335,6.289,6.316,1607.1
1560798000,1560801599,6.33,6.35,6.316,6.343,1462.3
1560801600,1560805199,6.344,6.37,6.33,6.333,2061.6
1560805200,1560808799,6.329,6.369,6.327,6.36,1628.9
1560808800,1560812399,6.35,6.4,6.343,6.4,2246.0
1560812400,1560815999,6.399,6.42,6.346,6.384,1196.5
1560816000,1560819599,6.368,6.39,6.32,6.321,298.1
1560819600,1560823199,6.327,6.327,6.302,6.326,561.6
1560823200,1560826799,6.303,6.303,6.279,6.279,367.1
1560826800,1560830399,6.295,6.303,6.295,6.303,31.0
1560830400,1560833999,6.304,6.319,6.268,6.28,1009.4
1560834000,1560837599,6.282,6.282,6.228,6.236,938.2
1560837600,1560841199,6.247,6.278,6.228,6.252,486.6
1560841200,1560844799,6.249,6.249,6.103,6.135,3342.1
1560844800,1560848399,6.152,6.252,6.152,6.252,827.7
1560848400,1560851999,6.251,6.275,6.245,6.248,1494.1
1560852000,1560855599,6.255,6.255,6.223,6.223,322.2
1560855600,1560859199,6.205,6.227,6.159,6.165,1445.7
1560859200,1560862799,6.17,6.198,6.128,6.166,2185.9
1560862800,1560866399,6.175,6.225,6.143,6.202,424.2
1560866400,1560869999,6.201,6.232,6.159,6.18,6138.7
1560870000,1560873599,6.164,6.224,6.051,6.12,3954.2
1560873600,1560877199,6.15,6.165,5.967,5.991,6110.1
1560877200,1560880799,5.975,6.033,5.939,6.032,2463.1
1560880800,1560884399,6.002,6.05,6.001,6.05,836.7
1560884400,1560887999,6.049,6.071,6.02,6.047,1185.7
1560888000,1560891599,6.048,6.069,6.019,6.04,1121.6
1560891600,1560895199,6.05,6.058,5.981,5.982,1461.0
1560895200,1560898799,5.993,6.046,5.973,6.009,679.3
1560898800,1560902399,5.976,6.076,5.963,6.074,650.8
1560902400,1560905999,6.095,6.096,6.029,6.093,331.8
1560906000,1560909599,6.1,6.111,6.076,6.099,395.6
1560909600,1560913199,6.093,6.124,6.093,6.124,13.9
1560913200,1560916799,6.118,6.118,6.095,6.11,125.3
1560916800,1560920399,6.087,6.122,6.087,6.115,407.3
1560920400,1560923999,6.097,6.111,6.091,6.111,133.5
1560924000,1560927599,6.11,6.124,6.099,6.103,381.8
1560927600,1560931199,6.127,6.227,6.103,6.227,1025.7
1560931200,1560934799,6.223,6.226,6.157,6.157,708.9
1560934800,1560938399,6.156,6.156,6.113,6.136,379.2
1560938400,1560941999,6.13,6.158,6.105,6.151,272.5
1560942000,1560945599,6.134,6.164,6.111,6.14,1347.3
1560945600,1560949199,6.14,6.15,6.043,6.043,559.5
1560949200,1560952799,6.059,6.131,6.059,6.117,657.7
1560952800,1560956399,6.104,6.104,6.06,6.064,173.0
1560956400,1560959999,6.061,6.094,6.046,6.086,172.3
1560960000,1560963599,6.102,6.105,6.054,6.087,376.4
1560963600,1560967199,6.1,6.118,6.075,6.094,461.2
1560967200,1560970799,6.081,6.093,6.075,6.077,125.0
1560970800,1560974399,6.077,6.111,6.075,6.102,1511.8
1560974400,1560977999,6.082,6.115,6.075,6.099,163.8
1560978000,1560981599,6.1,6.177,6.099,6.177,546.4
1560981600,1560985199,6.178,6.179,6.115,6.137,510.4
1560985200,1560988799,6.14,6.148,6.114,6.114,364.5
1560988800,1560992399,6.116,6.127,6.09,6.097,1339.6
1560992400,1560995999,6.09,6.112,6.075,6.112,705.7
1560996000,1560999599,6.086,6.119,6.079,6.119,52.3
1560999600,1561003199,6.126,6.141,6.117,6.117,16.3
1561003200,1561006799,6.125,6.125,6.098,6.101,124.5
1561006800,1561010399,6.095,6.106,6.095,6.106,69.9
1561010400,1561013999,6.11,6.112,6.085,6.093,284.7
1561014000,1561017599,6.094,6.1,6.02,6.02,538.0
1561017600,1561021199,6.02,6.034,5.984,5.997,2224.4
1561021200,1561024799,5.999,6.024,5.999,6.01,810.8
1561024800,1561028399,6.013,6.013,5.943,5.992,1916.3
1561028400,1561031999,5.993,5.993,5.945,5.962,862.1
1561032000,1561035599,5.96,5.98,5.951,5.969,395.1
1561035600,1561039199,5.988,6.038,5.976,6.036,303.9
1561046400,1561049999,6.041,6.041,5.98,5.98,55.4
1561050000,1561053599,5.979,6.0,5.96,5.965,1442.8
1561053600,1561057199,5.983,5.983,5.952,5.971,261.7
1561057200,1561060799,5.976,6.027,5.955,6.015,1768.8
1561060800,1561064399,6.03,6.098,5.989,6.086,5013.4
1561064400,1561067999,6.067,6.09,6.042,6.056,2504.9
1561068000,1561071599,6.042,6.065,6.036,6.053,859.6
1561071600,1561075199,6.053,6.087,6.052,6.072,1352.0
1561075200,1561078799,6.09,6.152,6.087,6.152,1710.4
1561078800,1561082399,6.16,6.277,6.16,6.242,2579.0
1561082400,1561085999,6.242,6.278,6.159,6.2,3163.3
1561086000,1561089599,6.2,6.206,6.18,6.204,724.3
1561089600,1561093199,6.198,6.198,6.176,6.19,87.5
1561093200,1561096799,6.183,6.22,6.172,6.22,359.1
1561096800,1561100399,6.22,6.251,6.186,6.199,868.9
1561100400,1561103999,6.186,6.212,6.18,6.206,3423.1
1561104000,1561107599,6.206,6.21,6.182,6.185,3061.5
1561107600,1561111199,6.2,6.248,6.173,6.245,1883.4
1561111200,1561114799,6.241,6.329,6.241,6.28,3510
1561114800,1561118399,6.28,6.32,6.269,6.288,3011
1561118400,1561121999,6.274,6.288,6.222,6.254,2419.8
1561122000,1561125599,6.253,6.29,6.022,6.128,8722.2
1561125600,1561129199,6.125,6.16,6.102,6.154,1960.3
1561129200,1561132799,6.144,6.178,6.113,6.139,3878.0
1561132800,1561136399,6.166,6.234,6.127,6.189,3270.3
1561136400,1561139999,6.183,6.199,6.164,6.173,1421.8
1561140000,1561143599,6.173,6.2,6.167,6.187,1013.3
1561143600,1561147199,6.187,6.2,6.141,6.146,849.0
1561147200,1561150799,6.161,6.172,6.14,6.16,1060.8
1561150800,1561154399,6.175,6.187,6.157,6.179,432.3
1561154400,1561157999,6.161,6.176,6.141,6.15,2556.5
1561158000,1561161599,6.171,6.236,6.149,6.206,826.6
1561161600,1561165199,6.223,6.315,6.188,6.314,2557.2
1561165200,1561168799,6.305,6.35,6.3,6.301,2946.2
1561168800,1561172399,6.287,6.395,6.278,6.308,808.6
1561172400,1561175999,6.358,6.376,6.197,6.23,1285.5
1561176000,1561179599,6.209,6.328,6.176,6.328,3279.5
1561179600,1561183199,6.333,6.385,6.333,6.354,1054.4
1561183200,1561186799,6.374,6.39,6.327,6.372,1426.6
1561186800,1561190399,6.385,6.398,6.327,6.327,2514.5
1561190400,1561193999,6.325,6.394,6.324,6.392,1233.2
1561194000,1561197599,6.368,6.4,6.368,6.396,4831.5
1561197600,1561201199,6.397,6.409,6.376,6.381,4889.1
1561201200,1561204799,6.391,6.4,6.368,6.368,2728.4
1561204800,1561208399,6.392,6.445,6.383,6.445,2384.4
1561208400,1561211999,6.45,6.579,6.45,6.555,5549.2
1561212000,1561215599,6.54,6.599,6.277,6.44,7203.5
1561215600,1561219199,6.428,6.599,6.399,6.448,15759.6
1561219200,1561222799,6.448,6.5,6.444,6.452,2810.9
1561222800,1561226399,6.49,6.67,6.49,6.606,4135.2
1561226400,1561229999,6.598,6.66,6.529,6.562,4288.5
1561230000,1561233599,6.5,6.575,6.4,6.564,4972.2
1561233600,1561237199,6.558,6.574,6.542,6.542,357.2
1561237200,1561240799,6.538,6.553,6.478,6.478,939.8
1561240800,1561244399,6.455,6.455,6.38,6.38,1814.3
1561244400,1561247999,6.38,6.5,6.12,6.5,2708.0
1561248000,1561251599,6.5,6.6,6.5,6.591,1265.5
1561251600,1561255199,6.6,6.619,6.566,6.583,254.3
1561255200,1561258799,6.492,6.553,6.492,6.541,36.7
1561258800,1561262399,6.502,6.548,6.485,6.548,92.0
1561262400,1561265999,6.541,6.55,6.515,6.538,713.2
1561266000,1561269599,6.542,6.546,6.484,6.52,461.3
1561269600,1561273199,6.519,6.579,6.519,6.519,686.8
1561273200,1561276799,6.522,6.533,6.473,6.477,408.7
1561276800,1561280399,6.479,6.51,6.43,6.466,1290.3
1561280400,1561283999,6.42,6.448,6.348,6.388,1214.5
1561284000,1561287599,6.369,6.389,6.327,6.362,637.0
1561287600,1561291199,6.355,6.389,6.355,6.386,587.2
1561291200,1561294799,6.389,6.455,6.388,6.393,1213.3
1561294800,1561298399,6.386,6.407,6.36,6.364,130.6
1561298400,1561301999,6.365,6.4,6.365,6.4,1023.1
1561302000,1561305599,6.4,6.469,6.399,6.469,1322.9
1561305600,1561309199,6.437,6.437,6.363,6.41,325.6
1561309200,1561312799,6.387,6.43,6.376,6.381,473.6
1561312800,1561316399,6.394,6.451,6.374,6.428,826.5
1561316400,1561319999,6.467,6.481,6.418,6.47,798.4
1561320000,1561323599,6.468,6.498,6.446,6.498,414.8
1561323600,1561327199,6.478,6.585,6.36,6.487,4051.2
1561327200,1561330799,6.478,6.482,6.36,6.36,2090.8
1561330800,1561334399,6.35,6.374,6.286,6.304,2512.8
1561334400,1561337999,6.305,6.305,6.133,6.239,2202.9
1561338000,1561341599,6.225,6.284,6.225,6.273,993.7
1561341600,1561345199,6.27,6.288,6.256,6.256,35.4
1561345200,1561348799,6.228,6.259,6.219,6.249,734.5
1561348800,1561352399,6.25,6.291,6.216,6.291,132.8
1561352400,1561355999,6.262,6.325,6.262,6.325,196.5
1561356000,1561359599,6.328,6.328,6.243,6.257,1312.9
1561359600,1561363199,6.269,6.308,6.268,6.302,1780.1
1561363200,1561366799,6.3,6.337,6.3,6.335,645.5
1561366800,1561370399,6.334,6.338,6.302,6.317,1024.2
1561370400,1561373999,6.323,6.372,6.308,6.308,721.5
1561374000,1561377599,6.323,6.332,6.23,6.332,2305.4
1561377600,1561381199,6.346,6.347,6.278,6.294,300.7
1561381200,1561384799,6.295,6.311,6.259,6.275,1063.9
1561384800,1561388399,6.3,6.336,6.282,6.308,656.3
1561388400,1561391999,6.322,6.329,6.269,6.296,661.2
1561392000,1561395599,6.299,6.357,6.299,6.339,1711.7
1561395600,1561399199,6.325,6.339,6.301,6.322,1329.0
1561399200,1561402799,6.32,6.361,6.26,6.263,2055.5
1561402800,1561406399,6.26,6.261,6.2,6.236,3561.6
1561406400,1561409999,6.236,6.262,6.22,6.222,1528.0
1561410000,1561413599,6.248,6.268,6.227,6.241,1497.3
1561413600,1561417199,6.261,6.336,6.261,6.313,1207.3
1561417200,1561420799,6.314,6.347,6.282,6.347,907.7
1561420800,1561424399,6.349,6.39,6.349,6.367,222.2
1561424400,1561427999,6.347,6.382,6.347,6.382,109.5
1561428000,1561431599,6.384,6.384,6.362,6.362,32.7
1561431600,1561435199,6.362,6.362,6.32,6.321,422.3
1561435200,1561438799,6.362,6.362,6.325,6.33,1380.4
1561438800,1561442399,6.335,6.361,6.322,6.361,1704.8
1561442400,1561445999,6.366,6.375,6.323,6.328,1126.2
1561446000,1561449599,6.328,6.354,6.323,6.33,1540.7
1561449600,1561453199,6.336,6.352,6.278,6.307,1965
1561453200,1561456799,6.3,6.325,6.28,6.321,944
1561456800,1561460399,6.317,6.349,6.3,6.33,2507.9
1561460400,1561463999,6.322,6.342,6.281,6.283,4051.1
1561464000,1561467599,6.281,6.29,6.101,6.153,6730.9
1561467600,1561471199,6.146,6.219,6.122,6.189,1756.0
1561471200,1561474799,6.231,6.25,6.186,6.201,1418.9
1561474800,1561478399,6.218,6.233,6.196,6.198,1539.0
1561478400,1561481999,6.205,6.223,6.151,6.151,763.8
1561482000,1561485599,6.146,6.179,6.119,6.156,1479.2
1561485600,1561489199,6.15,6.188,6.138,6.177,725.2
1561489200,1561492799,6.178,6.192,6.156,6.157,1197.0
1561492800,1561496399,6.157,6.157,6.15,6.157,1339.9
1561496400,1561499999,6.157,6.237,6.156,6.237,10934.9
1561500000,1561503599,6.237,6.325,6.211,6.291,3369.6
1561503600,1561507199,6.284,6.291,6.25,6.255,717.5
1561507200,1561510799,6.262,6.301,6.252,6.296,134.3
1561510800,1561514399,6.287,6.3,6.263,6.3,110.9
1561514400,1561517999,6.282,6.304,6.262,6.304,426.0
1561518000,1561521599,6.304,6.42,6.296,6.403,1090.7
1561521600,1561525199,6.382,6.397,6.337,6.355,4305.7
1561525200,1561528799,6.359,6.393,6.212,6.276,6295.5
1561528800,1561532399,6.298,6.355,6.298,6.329,1233.1
1561532400,1561535999,6.329,6.33,6.209,6.283,9818.3
1561536000,1561539599,6.279,6.364,6.275,6.325,1120.3
1561539600,1561543199,6.325,6.449,6.3,6.348,4842.1
1561543200,1561546799,6.355,6.429,6.355,6.414,3094.7
1561546800,1561550399,6.411,6.476,6.39,6.476,3004.2
1561550400,1561553999,6.478,6.519,6.456,6.508,6459.8
1561554000,1561557599,6.498,6.517,6.431,6.48,4296.9
1561557600,1561561199,6.488,6.49,6.407,6.42,1444.3
1561561200,1561564799,6.41,6.481,6.405,6.479,3796.1
1561564800,1561568399,6.479,6.49,6.416,6.416,5423.4
1561568400,1561571999,6.416,6.433,6.371,6.421,2116.0
1561572000,1561575599,6.421,6.489,6.394,6.411,8071.0
1561575600,1561579199,6.41,6.435,6.385,6.416,4921.9
1561579200,1561582799,6.415,6.488,5.652,5.892,36464.7
1561582800,1561586399,5.891,5.891,5.251,5.639,39616.0
1561586400,1561589999,5.639,5.795,5.62,5.736,5016.6
1561590000,1561593599,5.781,5.945,5.751,5.877,3833.5
1561593600,1561597199,5.852,5.927,5.835,5.843,818.1
1561597200,1561600799,5.909,5.909,5.729,5.771,1679.5
1561600800,1561604399,5.785,5.79,5.685,5.731,207.5
1561604400,1561607999,5.739,5.796,5.676,5.796,441.0
1561608000,1561611599,5.78,5.864,5.748,5.804,1172.8
1561611600,1561615199,5.802,5.899,5.753,5.838,1962.1
1561615200,1561618799,5.837,5.841,5.507,5.67,3421.2
1561618800,1561622399,5.652,5.7,5.576,5.634,5876.7
1561622400,1561625999,5.615,5.625,5.332,5.339,8256.4
1561626000,1561629599,5.339,5.464,4.9,5.452,21818.3
1561629600,1561633199,5.3,5.619,5.3,5.505,5771.0
1561633200,1561636799,5.496,5.604,5.469,5.588,2213.7
1561636800,1561640399,5.565,5.605,5.454,5.517,4218.7
1561640400,1561643999,5.515,5.545,5.44,5.494,2500.9
1561644000,1561647599,5.484,5.573,5.415,5.554,2136.6
1561647600,1561651199,5.561,5.561,5.459,5.51,3790.3
1561651200,1561654799,5.472,5.56,4.913,5.057,14734.2
1561654800,1561658399,5.01,5.063,4.786,4.977,14689.6
1561658400,1561661999,4.889,5.1,4.854,5.074,2927.1
1561662000,1561665599,5.098,5.1,4.857,5.023,4209.3
1561665600,1561669199,5.022,5.023,4.83,4.997,6096.3
1561669200,1561672799,5.001,5.169,4.904,5.134,6676.5
1561672800,1561676399,5.134,5.249,5.109,5.222,3554.7
1561676400,1561679999,5.22,5.249,5.103,5.11,1167.0
1561680000,1561683599,5.111,5.238,5.111,5.217,703.0
1561683600,1561687199,5.218,5.219,5.142,5.147,475.5
1561687200,1561690799,5.149,5.149,5.0,5.0,232.5
1561690800,1561694399,4.998,5.094,4.998,5.094,657.8
1561694400,1561697999,5.078,5.089,5.015,5.077,818.4
1561698000,1561701599,5.055,5.068,4.973,5.054,3938.7
1561701600,1561705199,5.05,5.135,5.05,5.081,5023.8
1561705200,1561708799,5.085,5.119,5.026,5.05,8802.3
1561708800,1561712399,5.049,5.355,5.039,5.334,8387.5
1561712400,1561715999,5.312,5.367,5.238,5.302,5609.8
1561716000,1561719599,5.315,5.321,5.243,5.281,16921.5
1561719600,1561723199,5.279,5.292,5.22,5.285,4237.0
1561723200,1561726799,5.29,5.363,5.101,5.159,7270.7
1561726800,1561730399,5.158,5.239,5.101,5.215,2002.7
1561730400,1561733999,5.215,5.302,5.206,5.237,3047.6
1561734000,1561737599,5.263,5.311,5.245,5.271,1551.8
1561737600,1561741199,5.256,5.5,5.201,5.44,3302.2
1561741200,1561744799,5.421,5.421,5.35,5.38,1470.1
1561744800,1561748399,5.374,5.447,5.354,5.424,827.6
1561748400,1561751999,5.424,5.5,5.405,5.477,6093.5
1561752000,1561755599,5.466,5.466,5.364,5.384,2497.9
1561755600,1561759199,5.417,5.447,5.403,5.404,1911.8
1561759200,1561762799,5.403,5.415,5.36,5.398,741.2
1561762800,1561766399,5.364,5.44,5.355,5.44,569.8
1561766400,1561769999,5.415,5.42,5.31,5.359,619.2
1561770000,1561773599,5.357,5.384,5.3,5.306,6744.2
1561773600,1561777199,5.268,5.351,5.25,5.351,1482.1
1561777200,1561780799,5.31,5.338,5.256,5.256,133.7
1561780800,1561784399,5.294,5.354,5.294,5.341,503.2
1561784400,1561787999,5.326,5.348,5.286,5.286,182.2
1561788000,1561791599,5.308,5.353,5.295,5.351,304.1
1561791600,1561795199,5.33,5.376,5.324,5.376,2392.1
1561795200,1561798799,5.368,5.372,5.311,5.313,1481.2
1561798800,1561802399,5.333,5.352,5.308,5.308,440.6
1561802400,1561805999,5.293,5.418,5.268,5.39,1139.5
1561806000,1561809599,5.39,5.479,5.375,5.479,1104.6
1561809600,1561813199,5.481,5.485,5.424,5.474,1359.6
1561813200,1561816799,5.463,5.485,5.4,5.413,2201.4
1561816800,1561820399,5.391,5.438,5.373,5.396,3088.9
1561820400,1561823999,5.407,5.453,5.399,5.399,1676.1
1561824000,1561827599,5.435,5.482,5.332,5.436,1736.1
1561827600,1561831199,5.435,5.56,5.435,5.5,2113.6
1561831200,1561834799,5.5,5.539,5.5,5.509,1477.4
1561834800,1561838399,5.515,5.535,5.486,5.508,536.8
1561838400,1561841999,5.48,5.598,5.478,5.563,1848.3
1561842000,1561845599,5.56,5.56,5.45,5.469,1003.9
1561845600,1561849199,5.5,5.524,5.467,5.522,276.9
1561849200,1561852799,5.521,5.589,5.518,5.589,386.7
1561852800,1561856399,5.591,5.596,5.57,5.596,33
1561856400,1561859999,5.58,5.58,5.541,5.555,579
1561860000,1561863599,5.577,5.578,5.56,5.56,627.9
1561867200,1561870799,5.549,5.55,5.525,5.525,105.8
1561870800,1561874399,5.522,5.537,5.482,5.524,276.8
1561874400,1561877999,5.519,5.519,5.48,5.49,271.6
1561878000,1561881599,5.455,5.455,5.37,5.389,1584.8
1561881600,1561885199,5.4,5.437,5.398,5.426,1040.2
1561885200,1561888799,5.425,5.474,5.422,5.465,2140.6
1561888800,1561892399,5.46,5.461,5.337,5.37,1445.5
1561892400,1561895999,5.37,5.393,5.358,5.358,431.8
1561896000,1561899599,5.364,5.404,5.359,5.386,322.2
1561899600,1561903199,5.385,5.385,5.236,5.251,4810.9
1561903200,1561906799,5.25,5.258,5.033,5.182,5198.5
1561906800,1561910399,5.149,5.189,5.136,5.138,5918.8
1561910400,1561913999,5.131,5.233,5.072,5.198,2880.0
1561914000,1561917599,5.2,5.257,5.2,5.239,1699.5
1561917600,1561921199,5.239,5.248,5.183,5.185,1053.1
1561921200,1561924799,5.19,5.228,5.113,5.203,2635.5
1561924800,1561928399,5.213,5.213,5.183,5.21,869.8
1561928400,1561931999,5.203,5.253,5.178,5.186,1649.5
1561932000,1561935599,5.176,5.189,4.956,5.052,5051.0
1561935600,1561939199,5.05,5.243,4.976,5.047,1947.9
1561939200,1561942799,5.095,5.136,5.069,5.136,936.8
1561942800,1561946399,5.156,5.221,5.14,5.19,2215.3
1561946400,1561949999,5.198,5.255,5.172,5.255,177.2
1561950000,1561953599,5.234,5.249,5.221,5.225,124.1
1561953600,1561957199,5.208,5.221,5.195,5.195,48.1
1561957200,1561960799,5.178,5.205,5.151,5.175,1255.0
1561960800,1561964399,5.151,5.187,5.11,5.119,707.2
1561964400,1561967999,5.116,5.24,5.1,5.141,2567.7
1561968000,1561971599,5.152,5.209,5.119,5.209,1014.4
1561971600,1561975199,5.219,5.237,5.18,5.183,2041.7
1561975200,1561978799,5.188,5.188,5.111,5.136,2055.2
1561978800,1561982399,5.111,5.161,5.08,5.15,5511.5
1561982400,1561985999,5.148,5.148,5.015,5.087,2381.7
1561986000,1561989599,5.089,5.141,5.052,5.055,2535.3
1561989600,1561993199,5.072,5.126,4.889,4.923,5436.9
1561993200,1561996799,4.908,4.99,4.882,4.97,5335.1
1561996800,1562000399,4.964,5.026,4.957,4.977,1792.7
1562000400,1562003999,4.955,5.024,4.955,5.024,4147.8
1562004000,1562007599,4.992,5.018,4.955,5.0,1343.3
1562007600,1562011199,4.977,5.024,4.905,5.024,1677.8
1562011200,1562014799,4.98,5.282,4.98,5.184,6697.1
1562014800,1562018399,5.24,5.279,5.202,5.238,3230.3
1562018400,1562021999,5.238,5.257,5.179,5.24,634.5
1562022000,1562025599,5.27,5.339,5.27,5.339,1367.0
1562025600,1562029199,5.35,5.39,5.27,5.273,1201.9
1562029200,1562032799,5.278,5.297,5.221,5.234,420.8
1562032800,1562036399,5.277,5.277,5.21,5.21,112.3
1562036400,1562039999,5.218,5.22,5.182,5.211,491.6
1562040000,1562043599,5.207,5.216,4.925,5.0,2970.0
1562043600,1562047199,5.022,5.025,4.933,4.94,386.7
1562047200,1562050799,4.941,5.009,4.901,4.967,2794.3
1562050800,1562054399,4.95,5.039,4.95,5.024,1457.1
1562054400,1562057999,4.999,5.269,4.988,5.177,6980.2
1562058000,1562061599,5.175,5.299,5.115,5.184,14400.8
1562061600,1562065199,5.17,5.171,5.092,5.121,2230.7
1562065200,1562068799,5.097,5.158,4.96,5.052,7356.4
1562068800,1562072399,5.063,5.149,5.063,5.116,2202.5
1562072400,1562075999,5.116,5.139,5.055,5.076,1150.7
1562076000,1562079599,5.136,5.251,5.114,5.251,952.4
1562079600,1562083199,5.249,5.269,5.19,5.269,1616.4
1562083200,1562086799,5.24,5.264,5.175,5.226,2390.5
1562086800,1562090399,5.225,5.3,5.216,5.217,5169.0
1562090400,1562093999,5.217,5.287,5.176,5.182,2311.9
1562094000,1562097599,5.199,5.298,5.188,5.22,3621.2
1562097600,1562101199,5.21,5.218,5.139,5.139,1418.3
1562101200,1562104799,5.147,5.192,5.089,5.157,1252.2
1562104800,1562108399,5.206,5.233,5.199,5.225,1203.8
1562108400,1562111999,5.234,5.239,5.158,5.202,4451.1
1562112000,1562115599,5.231,5.298,5.2,5.287,1171.7
1562115600,1562119199,5.285,5.381,5.285,5.363,1269.6
1562119200,1562122799,5.345,5.368,5.273,5.273,1396.5
1562122800,1562126399,5.293,5.368,5.285,5.368,1801.3
1562126400,1562129999,5.298,5.309,5.221,5.27,20646.9
1562130000,1562133599,5.276,5.335,5.268,5.29,3734.0
1562133600,1562137199,5.29,5.313,5.28,5.303,810.9
1562137200,1562140799,5.297,5.32,5.234,5.236,1090.7
1562140800,1562144399,5.23,5.269,5.201,5.223,623.8
1562144400,1562147999,5.206,5.232,5.194,5.232,399.2
1562148000,1562151599,5.243,5.268,5.225,5.226,1102.1
1562151600,1562155199,5.22,5.226,5.175,5.182,766.5
1562155200,1562158799,5.192,5.24,5.189,5.238,2650.1
1562158800,1562162399,5.211,5.244,5.19,5.19,1289.1
1562162400,1562165999,5.225,5.248,5.201,5.231,679.8
1562166000,1562169599,5.241,5.3,5.22,5.3,6173.8
1562169600,1562173199,5.286,5.288,5.19,5.19,2050.0
1562173200,1562176799,5.205,5.238,5.205,5.238,1298.9
1562176800,1562180399,5.249,5.281,5.224,5.274,398.2
1562180400,1562183999,5.289,5.334,5.251,5.291,2142.2
1562184000,1562187599,5.294,5.344,5.286,5.324,1109.0
1562187600,1562191199,5.32,5.32,5.247,5.308,2576.5
1562191200,1562194799,5.314,5.41,5.314,5.352,2819.2
1562194800,1562198399,5.315,5.387,5.315,5.37,2257.6
1562198400,1562201999,5.37,5.37,5.288,5.288,1744.4
1562202000,1562205599,5.286,5.314,5.283,5.283,256.2
1562205600,1562209199,5.293,5.293,5.27,5.27,115.0
1562209200,1562212799,5.258,5.264,5.23,5.247,432.6
1562212800,1562216399,5.249,5.256,5.219,5.227,1365.6
1562216400,1562219999,5.219,5.272,5.217,5.272,150.9
1562220000,1562223599,5.251,5.311,5.251,5.311,220.8
1562223600,1562227199,5.308,5.342,5.26,5.26,431.6
1562227200,1562230799,5.269,5.291,5.256,5.287,132.3
1562230800,1562234399,5.279,5.281,5.252,5.253,830.5
1562234400,1562237999,5.253,5.277,5.23,5.27,243.5
1562238000,1562241599,5.265,5.293,5.25,5.288,575.5
1562241600,1562245199,5.298,5.3,5.266,5.294,2760.5
1562245200,1562248799,5.269,5.297,5.269,5.283,297.4
1562248800,1562252399,5.278,5.286,5.26,5.273,1221.7
1562252400,1562255999,5.278,5.278,5.24,5.24,360.9
1562256000,1562259599,5.254,5.254,5.187,5.222,2634.5
1562259600,1562263199,5.233,5.249,5.218,5.24,299.6
1562263200,1562266799,5.235,5.248,5.216,5.236,1803.7
1562266800,1562270399,5.227,5.247,5.215,5.242,562.1
1562270400,1562273999,5.236,5.236,5.176,5.193,1648.7
1562274000,1562277599,5.198,5.22,5.184,5.203,1215.1
1562277600,1562281199,5.203,5.239,5.203,5.215,485.1
1562281200,1562284799,5.222,5.222,5.025,5.054,2309.5
1562284800,1562288399,5.081,5.109,5.08,5.095,32.4
1562288400,1562291999,5.097,5.097,5.086,5.096,115.6
1562292000,1562295599,5.099,5.099,5.07,5.07,5264.9
1562295600,1562299199,5.065,5.11,5.045,5.092,928.7
1562299200,1562302799,5.11,5.118,5.11,5.111,149.7
1562302800,1562306399,5.117,5.15,5.11,5.13,2880.1
1562306400,1562309999,5.131,5.139,5.088,5.09,294.6
1562310000,1562313599,5.082,5.104,5.071,5.104,288.9
1562313600,1562317199,5.106,5.109,5.087,5.098,142.4
1562317200,1562320799,5.098,5.231,5.098,5.219,5227.4
1562320800,1562324399,5.211,5.231,5.182,5.218,375.9
1562324400,1562327999,5.2,5.219,5.184,5.184,61.6
1562328000,1562331599,5.178,5.188,5.16,5.182,215.7
1562331600,1562335199,5.183,5.221,5.176,5.18,1159.7
1562335200,1562338799,5.18,5.232,5.164,5.176,480.2
1562338800,1562342399,5.195,5.195,5.1,5.1,559.2
1562342400,1562345999,5.116,5.149,5.111,5.133,258.6
1562346000,1562349599,5.11,5.134,5.11,5.13,216.4
1562349600,1562353199,5.138,5.142,5.12,5.142,911.2
1562353200,1562356799,5.139,5.156,5.13,5.13,250.0
1562356800,1562360399,5.139,5.139,5.09,5.135,1399.2
1562360400,1562363999,5.145,5.145,5.125,5.125,249.7
1562364000,1562367599,5.129,5.147,5.117,5.131,400.5
1562367600,1562371199,5.117,5.15,5.117,5.15,110.0
1562371200,1562374799,5.159,5.226,5.159,5.208,519.7
1562374800,1562378399,5.197,5.197,5.169,5.194,46.0
1562378400,1562381999,5.218,5.218,5.194,5.194,18.7
1562382000,1562385599,5.174,5.174,5.174,5.174,3.8
1562385600,1562389199,5.194,5.199,5.181,5.199,70.2
1562389200,1562392799,5.194,5.194,5.173,5.173,11.5
1562392800,1562396399,5.183,5.187,5.112,5.13,396.0
1562396400,1562399999,5.153,5.178,5.137,5.163,366.2
1562400000,1562403599,5.157,5.163,5.114,5.119,590.8
1562403600,1562407199,5.137,5.164,5.118,5.148,3948.9
1562407200,1562410799,5.147,5.15,5.124,5.136,213.9
1562410800,1562414399,5.116,5.141,5.112,5.141,152.8
1562414400,1562417999,5.139,5.142,5.11,5.11,255.4
1562418000,1562421599,5.147,5.179,5.105,5.107,235.4
1562421600,1562425199,5.107,5.288,5.107,5.288,990.2
1562425200,1562428799,5.29,5.338,5.252,5.278,3931.5
1562428800,1562432399,5.28,5.309,5.269,5.281,461.6
1562432400,1562435999,5.28,5.297,5.264,5.29,1769.5
1562436000,1562439599,5.285,5.294,5.26,5.27,271.5
1562439600,1562443199,5.26,5.267,5.219,5.226,1663.4
1562443200,1562446799,5.224,5.25,5.218,5.235,441.3
1562446800,1562450399,5.217,5.223,5.144,5.152,1609.4
1562450400,1562453999,5.143,5.155,5.138,5.146,1136.1
1562454000,1562457599,5.134,5.148,5.129,5.132,33.0
1562457600,1562461199,5.146,5.166,5.139,5.15,970.6
1562461200,1562464799,5.161,5.161,5.142,5.142,541.2
1562464800,1562468399,5.15,5.15,5.15,5.15,10
1562472000,1562475599,5.182,5.182,5.174,5.174,826
1562475600,1562479199,5.17,5.17,5.164,5.166,642
1562479200,1562482799,5.161,5.19,5.161,5.19,266.4
1562482800,1562486399,5.188,5.188,5.187,5.187,228.5
1562486400,1562489999,5.19,5.19,5.165,5.165,121.1
1562490000,1562493599,5.166,5.19,5.166,5.189,218.6
1562493600,1562497199,5.177,5.19,5.166,5.183,330.0
1562497200,1562500799,5.191,5.235,5.184,5.204,578.9
1562500800,1562504399,5.206,5.251,5.205,5.23,1759.7
1562504400,1562507999,5.234,5.238,5.204,5.238,869.6
1562508000,1562511599,5.238,5.244,5.211,5.22,520.7
1562511600,1562515199,5.2,5.219,5.158,5.19,544.1
1562515200,1562518799,5.163,5.17,5.15,5.165,95.7
1562518800,1562522399,5.174,5.388,5.174,5.362,1959.1
1562522400,1562525999,5.37,5.382,5.285,5.311,359.6
1562526000,1562529599,5.319,5.348,5.306,5.344,387.8
1562529600,1562533199,5.348,5.373,5.285,5.322,2158.9
1562533200,1562536799,5.313,5.36,5.3,5.36,257.8
1562536800,1562540399,5.36,5.378,5.295,5.31,514.9
1562540400,1562543999,5.31,5.317,5.289,5.317,526.6
1562544000,1562547599,5.317,5.317,5.256,5.256,215.7
1562547600,1562551199,5.283,5.283,5.262,5.262,208.2
1562554800,1562558399,5.278,5.28,5.268,5.273,29.6
1562558400,1562561999,5.273,5.307,5.273,5.3,205.0
1562562000,1562565599,5.301,5.301,5.281,5.281,2229.1
1562565600,1562569199,5.282,5.288,5.27,5.27,54.5
1562569200,1562572799,5.283,5.295,5.267,5.288,354.6
1562572800,1562576399,5.301,5.349,5.263,5.344,1451.9
1562576400,1562579999,5.35,5.383,5.321,5.338,1632.6
1562580000,1562583599,5.328,5.344,5.311,5.311,249.6
1562583600,1562587199,5.31,5.333,5.301,5.32,353.7
1562587200,1562590799,5.309,5.309,5.28,5.288,360.4
1562590800,1562594399,5.293,5.333,5.292,5.325,729.1
1562594400,1562597999,5.321,5.343,5.302,5.315,703.3
1562598000,1562601599,5.3,5.317,5.285,5.31,947.2
1562601600,1562605199,5.317,5.317,5.219,5.257,3005.7
1562605200,1562608799,5.239,5.262,5.232,5.248,665.4
1562608800,1562612399,5.248,5.256,5.23,5.235,828.2
1562612400,1562615999,5.235,5.295,5.229,5.275,1840.8
1562616000,1562619599,5.289,5.31,5.277,5.295,965.6
1562619600,1562623199,5.29,5.314,5.288,5.313,2795.7
1562623200,1562626799,5.298,5.321,5.29,5.304,1202.4
1562626800,1562630399,5.32,5.36,5.318,5.321,244.4
1562630400,1562633999,5.328,5.329,5.301,5.31,121.2
1562634000,1562637599,5.3,5.331,5.3,5.331,6.3
1562637600,1562641199,5.34,5.37,5.34,5.36,2099.0
1562641200,1562644799,5.352,5.354,5.332,5.354,500.4
1562644800,1562648399,5.355,5.361,5.32,5.344,606.6
1562648400,1562651999,5.343,5.366,5.331,5.345,1625.7
1562652000,1562655599,5.33,5.359,5.318,5.333,1351.9
1562655600,1562659199,5.354,5.358,5.274,5.3,1690.8
1562659200,1562662799,5.3,5.338,5.3,5.325,132.5
1562662800,1562666399,5.326,5.34,5.319,5.331,3164.9
1562666400,1562669999,5.326,5.33,5.269,5.312,6874.6
1562670000,1562673599,5.312,5.316,5.291,5.299,197.3
1562673600,1562677199,5.299,5.312,5.281,5.312,239.0
1562677200,1562680799,5.311,5.322,5.282,5.298,125.1
1562680800,1562684399,5.303,5.305,5.251,5.257,363.6
1562684400,1562687999,5.251,5.273,5.233,5.255,481.5
1562688000,1562691599,5.269,5.288,5.262,5.276,812.6
1562691600,1562695199,5.262,5.297,5.26,5.274,795.5
1562695200,1562698799,5.277,5.293,5.272,5.276,342.2
1562698800,1562702399,5.287,5.298,5.246,5.246,3414.9
1562702400,1562705999,5.261,5.267,5.225,5.225,176.0
1562706000,1562709599,5.24,5.281,5.24,5.255,1632.6
1562709600,1562713199,5.272,5.272,5.233,5.259,189.3
1562713200,1562716799,5.261,5.261,5.259,5.259,43.1
1562716800,1562720399,5.247,5.289,5.247,5.289,145.5
1562720400,1562723999,5.287,5.287,5.249,5.249,592.6
1562724000,1562727599,5.266,5.273,5.265,5.265,136.1
1562727600,1562731199,5.265,5.265,5.241,5.241,159.6
1562731200,1562734799,5.24,5.24,5.214,5.22,141.1
1562734800,1562738399,5.22,5.27,5.22,5.23,1329.6
1562738400,1562741999,5.226,5.227,5.207,5.214,554.7
1562742000,1562745599,5.208,5.208,5.179,5.189,1954.6
1562745600,1562749199,5.18,5.192,5.169,5.171,881.6
1562749200,1562752799,5.171,5.193,5.17,5.193,400.6
1562752800,1562756399,5.193,5.213,5.184,5.209,721.6
1562756400,1562759999,5.218,5.222,5.206,5.215,569.6
1562760000,1562763599,5.21,5.212,5.17,5.197,1666.3
1562763600,1562767199,5.202,5.202,5.18,5.189,726.6
1562767200,1562770799,5.138,5.138,4.792,4.792,20440.3
1562770800,1562774399,4.786,4.786,4.571,4.67,18828.6
1562774400,1562777999,4.66,4.71,4.624,4.644,16408.3
1562778000,1562781599,4.636,4.696,4.615,4.67,2672.0
1562781600,1562785199,4.665,4.676,4.641,4.651,3573.9
1562785200,1562788799,4.641,4.698,4.57,4.64,5181.7
1562788800,1562792399,4.632,4.648,4.473,4.579,6839.1
1562792400,1562795999,4.572,4.644,4.541,4.627,5909.0
1562796000,1562799599,4.613,4.638,4.6,4.631,1338.7
1562799600,1562803199,4.632,4.724,4.632,4.69,1140.8
1562803200,1562806799,4.665,4.665,4.581,4.6,1135.2
1562806800,1562810399,4.622,4.623,4.622,4.622,153.8
1562810400,1562813999,4.633,4.633,4.608,4.616,240.8
1562814000,1562817599,4.616,4.616,4.523,4.523,1227.8
1562817600,1562821199,4.53,4.53,3.891,4.033,38137.7
1562821200,1562824799,4.031,4.15,3.99,4.124,14691.9
